Smiles,HOMO_eV,LUMO_eV
[N+]1(C)=CN(C)(C=C1),-12.402684006,-5.27356932
[N+]1(C)=CN(CC)(C=C1),-12.278055794,-5.153022818
[N+]1(CC)=CN(CC)(C=C1),-12.159686204,-5.034653228
[N+]1(CCC)=CN(C)(C=C1),-12.17846207,-5.173975596
[N+]1(C(C)C)=CN(C)(C=C1),-12.131930576,-5.0613204000000005
[N+]1(CCC)=CN(CCC)(C=C1),-12.01791481,-5.014244678
[N+]1(C(C)C)=CN(CCC)(C=C1),-11.950430538,-4.937508530000001
[N+]1(C(C)C)=CN(C(C)C)(C=C1),-11.883490494,-4.840091718
[N+]1(CCCC)=CN(C)(C=C1),-12.143631478,-5.145947854
[N+]1(CC(C)C)=CN(C)(C=C1),-12.132746918,-5.135607522000001
[N+]1(C(C)CC)=CN(C)(C=C1),-12.076147206000002,-5.0414560779999995
[N+]1(C(C)(C)C)=CN(C)(C=C1),-12.06009248,-4.904582736000001
[N+]1(CCCC)=CN(CCCC)(C=C1),-11.904443272,-5.01370045
[N+]1(CC(C)C)=CN(CCCC)(C=C1),-11.936008496,-4.941590240000001
[N+]1(C(C)CC)=CN(CCCC)(C=C1),-11.850836814,-4.916283638
[N+]1(C(C)(C)C)=CN(CCCC)(C=C1),-11.824441756,-4.79056697
[N+]1(CC(C)C)=CN(CC(C)C)(C=C1),-11.866619426,-4.945944064000001
[N+]1(C(C)CC)=CN(CC(C)C)(C=C1),-11.86961268,-4.8289350440000005
[N+]1(C(C)(C)C)=CN(CC(C)C)(C=C1),-11.815734108000001,-4.77968241
[N+]1(C(C)CC)=CN(C(C)CC)(C=C1),-11.79342076,-4.805261126
[N+]1(C(C)(C)C)=CN(C(C)CC)(C=C1),-11.765665132,-4.679272344
[N+]1(C(C)(C)C)=CN(C(C)(C)C)(C=C1),-11.753147888,-4.554644132
[N+]1(CCCCC)=CN(C)(C=C1),-12.050840604,-5.118736454
[N+]1(CCC(C)C)=CN(C)(C=C1),-12.114787394,-5.118192226000001
[N+]1(CC(C)CC)=CN(C)(C=C1),-12.065262646,-5.0964231060000005
[N+]1(CC(C)(C)C)=CN(C)(C=C1),-12.071521268000001,-5.033564772
[N+]1(C(C)CCC)=CN(C)(C=C1),-12.042405070000001,-5.009074512
[N+]1(C(C)C(C)C)=CN(C)(C=C1),-12.02879937,-4.997645724
[N+]1(C(CC)CC)=CN(C)(C=C1),-12.035057992,-5.019414844000001
[N+]1(C(C)(C)CC)=CN(C)(C=C1),-11.946620942,-4.942134468
[N+]1(CCCCC)=CN(CC)(C=C1),-11.963219896,-5.000638978
[N+]1(CCC(C)C)=CN(CC)(C=C1),-11.994785120000001,-4.991659216
[N+]1(CC(C)CC)=CN(CC)(C=C1),-11.965668922,-4.982679454
[N+]1(CC(C)(C)C)=CN(CC)(C=C1),-11.961859326,-4.930433566
[N+]1(C(C)CCC)=CN(CC)(C=C1),-11.934647926,-4.890704922
[N+]1(C(C)C(C)C)=CN(CC)(C=C1),-11.919681656,-4.877371336
[N+]1(C(CC)CC)=CN(CC)(C=C1),-11.928389304000001,-4.905126964
[N+]1(C(C)(C)CC)=CN(CC)(C=C1),-11.842129166000001,-4.824581220000001
[N+]1(CCCCC)=CN(CCCC)(C=C1),-11.854102182,-4.984856366
[N+]1(CC(C)CC)=CN(CC(C)C)(C=C1),-11.871789592,-4.901045254
[N+]1(CC(C)(C)C)=CN(CC(C)C)(C=C1),-11.82743501,-4.916283638
[N+]1(C(C)CCC)=CN(CC(C)C)(C=C1),-11.837775342,-4.7981861619999995
[N+]1(C(C)C(C)C)=CN(CC(C)C)(C=C1),-11.768386271999999,-4.803628442
[N+]1(C(CC)CC)=CN(CC(C)C)(C=C1),-11.838047456,-4.8123360900000005
[N+]1(C(C)(C)CC)=CN(CC(C)C)(C=C1),-11.774917008000001,-4.749477756
[N+]1(CCCCC)=CN(C(C)CC)(C=C1),-11.819271590000001,-4.8991404560000005
[N+]1(CCC(C)C)=CN(C(C)CC)(C=C1),-11.82607444,-4.89397029
[N+]1(CC(C)CC)=CN(C(C)CC)(C=C1),-11.793692874000001,-4.8749223100000005
[N+]1(CC(C)(C)C)=CN(C(C)CC)(C=C1),-11.77437278,-4.8161456860000005
[N+]1(CCC(C)C)=CN(CCCC)(C=C1),-11.885667406000001,-4.9911149880000005
[N+]1(C(C)CCC)=CN(C(C)CC)(C=C1),-11.756413256,-4.775056472
[N+]1(C(C)C(C)C)=CN(C(C)CC)(C=C1),-11.750154634000001,-4.762811342
[N+]1(C(CC)CC)=CN(C(C)CC)(C=C1),-11.753420002,-4.790294856
[N+]1(C(C)(C)CC)=CN(C(C)CC)(C=C1),-11.668520434000001,-4.710021226
[N+]1(CCCCC)=CN(C(C)(C)C)(C=C1),-11.780359288000001,-4.765260368
[N+]1(CCC(C)C)=CN(C(C)(C)C)(C=C1),-11.798046698,-4.763083456
[N+]1(CC(C)CC)=CN(C(C)(C)C)(C=C1),-11.770018956,-4.753287352
[N+]1(CC(C)(C)C)=CN(C(C)(C)C)(C=C1),-11.762943992,-4.691789588
[N+]1(C(C)CCC)=CN(C(C)(C)C)(C=C1),-11.736821048,-4.65178883
[N+]1(C(C)C(C)C)=CN(C(C)(C)C)(C=C1),-11.725120146,-4.6444417520000005
[N+]1(CC(C)CC)=CN(CCCC)(C=C1),-11.830972492,-4.949753660000001
[N+]1(C(CC)CC)=CN(C(C)(C)C)(C=C1),-11.730290312000001,-4.663217618
[N+]1(C(C)(C)CC)=CN(C(C)(C)C)(C=C1),-11.644030174000001,-4.592195864
[N+]1(CC(C)(C)C)=CN(CCCC)(C=C1),-11.837775342,-4.928256654
[N+]1(C(C)CCC)=CN(CCCC)(C=C1),-11.814101424,-4.88308573
[N+]1(C(C)C(C)C)=CN(CCCC)(C=C1),-11.805121662,-4.873289626
[N+]1(C(CC)CC)=CN(CCCC)(C=C1),-11.845122420000001,-4.82049951
[N+]1(C(C)(C)CC)=CN(CCCC)(C=C1),-11.789611164,-4.762267114
[N+]1(CCCCC)=CN(CC(C)C)(C=C1),-11.846755104000001,-4.938596986
[N+]1(CCC(C)C)=CN(CC(C)C)(C=C1),-11.853557954000001,-4.933154706000001
[N+]1(CCCCC)=CN(CCCCC)(C=C1),-11.807842802,-4.957100738
[N+]1(CC(C)(C)C)=CN(CCC(C)C)(C=C1),-11.814373538,-4.90485485
[N+]1(C(C)CCC)=CN(CCC(C)C)(C=C1),-11.787434252,-4.857779128000001
[N+]1(C(C)C(C)C)=CN(CCC(C)C)(C=C1),-11.778182376,-4.85043205
[N+]1(C(CC)CC)=CN(CCC(C)C)(C=C1),-11.813285082,-4.79056697
[N+]1(C(C)(C)CC)=CN(CCC(C)C)(C=C1),-11.70770485,-4.802267872
[N+]1(CC(C)CC)=CN(CC(C)CC)(C=C1),-11.810291828,-4.943222924
[N+]1(CC(C)(C)C)=CN(CC(C)CC)(C=C1),-11.785529454,-4.883357844000001
[N+]1(C(C)CCC)=CN(CC(C)CC)(C=C1),-11.805938004000001,-4.769614192
[N+]1(C(C)C(C)C)=CN(CC(C)CC)(C=C1),-11.755869028000001,-4.838459034
[N+]1(C(CC)CC)=CN(CC(C)CC)(C=C1),-11.807570688,-4.7829477780000005
[N+]1(CCC(C)C)=CN(CCCCC)(C=C1),-11.862537716,-4.987305392000001
[N+]1(C(C)(C)CC)=CN(CC(C)CC)(C=C1),-11.734372022,-4.722538470000001
[N+]1(CC(C)(C)C)=CN(CC(C)(C)C)(C=C1),-11.785801568,-4.825397562
[N+]1(C(C)CCC)=CN(CC(C)(C)C)(C=C1),-11.74444024,-4.788662172
[N+]1(C(C)C(C)C)=CN(CC(C)(C)C)(C=C1),-11.742535442000001,-4.778593954
[N+]1(C(CC)CC)=CN(CC(C)(C)C)(C=C1),-11.741446986,-4.801723644
[N+]1(C(C)(C)CC)=CN(CC(C)(C)C)(C=C1),-11.723215348,-4.658319566
[N+]1(C(C)CCC)=CN(C(C)CCC)(C=C1),-11.723487462,-4.742674906
[N+]1(C(C)C(C)C)=CN(C(C)CCC)(C=C1),-11.712602902,-4.732878802
[N+]1(C(CC)CC)=CN(C(C)CCC)(C=C1),-11.725664374,-4.7649882539999995
[N+]1(C(C)(C)CC)=CN(C(C)CCC)(C=C1),-11.637771552,-4.6795444580000005
[N+]1(CC(C)CC)=CN(CCCCC)(C=C1),-11.85872812,-4.89397029
[N+]1(C(C)C(C)C)=CN(C(C)C(C)C)(C=C1),-11.710153876,-4.722810584
[N+]1(C(CC)CC)=CN(C(C)C(C)C)(C=C1),-11.709065420000002,-4.7516546680000005
[N+]1(C(C)(C)CC)=CN(C(C)C(C)C)(C=C1),-11.684030932,-4.606345792000001
[N+]1(C(CC)CC)=CN(C(CC)CC)(C=C1),-11.71994998,-4.779410296
[N+]1(C(C)(C)CC)=CN(C(CC)CC)(C=C1),-11.638860008,-4.700225122
[N+]1(C(C)(C)CC)=CN(C(C)(C)CC)(C=C1),-11.556137352,-4.624305316
[N+]1(CC(C)(C)C)=CN(CCCCC)(C=C1),-11.81110817,-4.9119298140000005
[N+]1(C(C)CCC)=CN(CCCCC)(C=C1),-11.788522708,-4.8708406
[N+]1(C(C)C(C)C)=CN(CCCCC)(C=C1),-11.750970976000001,-4.840091718
[N+]1(C(CC)CC)=CN(CCCCC)(C=C1),-11.821176388,-4.793832338
[N+]1(C(C)(C)CC)=CN(CCCCC)(C=C1),-11.694643378,-4.802539986
[N+]1(CCC(C)C)=CN(CCC(C)C)(C=C1),-11.884034722,-4.899684684
[N+]1(CC(C)CC)=CN(CCC(C)C)(C=C1),-11.866891540000001,-4.885534756
[N+]1(CCCCCC)=CN(CC)(C=C1),-11.61518609,-4.9911149880000005
[N+]1(C(C)C(C)CC)=CN(CC)(C=C1),-11.833421518,-4.767981508
[N+]1(C(C)C(C)(C)C)=CN(CC)(C=C1),-11.848115674,-4.809342836000001
[N+]1(C(CC)CCC)=CN(CC)(C=C1),-11.893286598000001,-4.8787319060000005
[N+]1(C(CC)C(C)C)=CN(CC)(C=C1),-11.880769354,-4.862405066
[N+]1(C(C)(C)CCC)=CN(CC)(C=C1),-11.845122420000001,-4.7211779
[N+]1(C(C)(C)C(C)C)=CN(CC)(C=C1),-11.787434252,-4.781859322
[N+]1(C(C)(CC)CC)=CN(CC)(C=C1),-11.798046698,-4.813968774
[N+]1(CCCC(C)C)=CN(CC)(C=C1),-11.845666648,-4.979414086
[N+]1(CCC(C)CC)=CN(CC)(C=C1),-11.924851822,-4.97424392
[N+]1(CCC(C)(C)C)=CN(CC)(C=C1),-11.951791108,-4.904582736000001
[N+]1(CC(C)CCC)=CN(CC)(C=C1),-11.919681656,-4.950842116
[N+]1(CC(C)C(C)C)=CN(CC)(C=C1),-11.891926028,-4.95111423
[N+]1(CC(CC)CC)=CN(CC)(C=C1),-11.977914052000001,-4.872201169999999
[N+]1(CC(C)(C)CC)=CN(CC)(C=C1),-11.903626930000001,-4.894786632000001
[N+]1(C(C)CCCC)=CN(CC)(C=C1),-11.889204888,-4.870024258
[N+]1(C(C)CC(C)C)=CN(CC)(C=C1),-11.91179035,-4.864309864
[N+]1(CCCCCC)=CN(CCCC)(C=C1),-11.56620557,-4.979141972000001
[N+]1(C(C)C(C)CC)=CN(CCCC)(C=C1),-11.751515204,-4.697776096
[N+]1(C(C)C(C)(C)C)=CN(CCCC)(C=C1),-11.716956726,-4.8019957579999994
[N+]1(C(CC)CCC)=CN(CCCC)(C=C1),-11.785801568,-4.87628288
[N+]1(C(CC)C(C)C)=CN(CCCC)(C=C1),-11.799679382,-4.779954524000001
[N+]1(C(C)(C)CCC)=CN(CCCC)(C=C1),-11.725120146,-4.7151913919999995
[N+]1(C(C)(C)C(C)C)=CN(CCCC)(C=C1),-11.720222094,-4.709204884
[N+]1(C(C)(CC)CC)=CN(CCCC)(C=C1),-11.716684612000002,-4.724987496
[N+]1(CCCCCC)=CN(CC(C)C)(C=C1),-11.62334951,-4.90893656
[N+]1(CCCC(C)C)=CN(CC(C)C)(C=C1),-11.807842802,-4.914923068
[N+]1(CCC(C)CC)=CN(CC(C)C)(C=C1),-11.868524224,-4.896963544
[N+]1(CCCC(C)C)=CN(CCCC)(C=C1),-11.793148646,-4.973699692
[N+]1(CCC(C)(C)C)=CN(CC(C)C)(C=C1),-11.867707882000001,-4.831928298
[N+]1(CC(C)CCC)=CN(CC(C)C)(C=C1),-11.789066936000001,-4.882813616
[N+]1(CC(C)C(C)C)=CN(CC(C)C)(C=C1),-11.804849548,-4.863765636
[N+]1(CC(CC)CC)=CN(CC(C)C)(C=C1),-11.839135912000001,-4.872745398
[N+]1(CC(C)(C)CC)=CN(CC(C)C)(C=C1),-11.761855536,-4.826213904
[N+]1(C(C)CCCC)=CN(CC(C)C)(C=C1),-11.760767079999999,-4.803628442
[N+]1(C(C)CC(C)C)=CN(CC(C)C)(C=C1),-11.762127650000002,-4.79464868
[N+]1(C(C)C(C)CC)=CN(CC(C)C)(C=C1),-11.733827794,-4.71301448
[N+]1(C(C)C(C)(C)C)=CN(CC(C)C)(C=C1),-11.707432736000001,-4.791655426
[N+]1(C(CC)CCC)=CN(CC(C)C)(C=C1),-11.804033206000001,-4.783219892
[N+]1(CCC(C)CC)=CN(CCCC)(C=C1),-11.851381042,-4.970162210000001
[N+]1(C(CC)C(C)C)=CN(CC(C)C)(C=C1),-11.765393018,-4.853969532000001
[N+]1(C(C)(C)CCC)=CN(CC(C)C)(C=C1),-11.718861524,-4.716824076
[N+]1(C(C)(C)C(C)C)=CN(CC(C)C)(C=C1),-11.71722884,-4.704034718
[N+]1(C(C)(CC)CC)=CN(CC(C)C)(C=C1),-11.713147130000001,-4.718184646
[N+]1(CCCCCC)=CN(C(C)CC)(C=C1),-11.580355498000001,-4.886895326
[N+]1(CCCC(C)C)=CN(C(C)CC)(C=C1),-11.788794822,-4.884718414
[N+]1(CCC(C)CC)=CN(C(C)CC)(C=C1),-11.790971734,-4.870568486000001
[N+]1(CCC(C)(C)C)=CN(C(C)CC)(C=C1),-11.799407268000001,-4.804172670000001
[N+]1(CC(C)CCC)=CN(C(C)CC)(C=C1),-11.764304562,-4.841996516
[N+]1(CC(C)C(C)C)=CN(C(C)CC)(C=C1),-11.803488978,-4.762811342
[N+]1(CCC(C)(C)C)=CN(CCCC)(C=C1),-11.867163654,-4.889344352
[N+]1(CC(CC)CC)=CN(C(C)CC)(C=C1),-11.805938004000001,-4.767165166000001
[N+]1(CC(C)(C)CC)=CN(C(C)CC)(C=C1),-11.728929742000002,-4.791111198
[N+]1(C(C)CCCC)=CN(C(C)CC)(C=C1),-11.730290312000001,-4.754920036000001
[N+]1(C(C)CC(C)C)=CN(C(C)CC)(C=C1),-11.735732592,-4.747300844000001
[N+]1(C(C)C(C)CC)=CN(C(C)CC)(C=C1),-11.667704092000001,-4.655326312000001
[N+]1(C(C)C(C)(C)C)=CN(C(C)CC)(C=C1),-11.659268558,-4.680088686
[N+]1(C(CC)CCC)=CN(C(C)CC)(C=C1),-11.727024944,-4.763355570000001
[N+]1(C(CC)C(C)C)=CN(C(C)CC)(C=C1),-11.708521192000001,-4.751110440000001
[N+]1(C(C)(C)CCC)=CN(C(C)CC)(C=C1),-11.667704092000001,-4.6093390460000006
[N+]1(C(C)(C)C(C)C)=CN(C(C)CC)(C=C1),-11.622261054,-4.665938758
[N+]1(CC(C)CCC)=CN(CCCC)(C=C1),-11.841857052,-4.877371336
[N+]1(C(C)(CC)CC)=CN(C(C)CC)(C=C1),-11.63151293,-4.694510728
[N+]1(CCCCCC)=CN(C(C)(C)C)(C=C1),-11.557225808,-4.756824834
[N+]1(CCCC(C)C)=CN(C(C)(C)C)(C=C1),-11.715596156,-4.747300844000001
[N+]1(CCC(C)CC)=CN(C(C)(C)C)(C=C1),-11.772467982,-4.748933528
[N+]1(CCC(C)(C)C)=CN(C(C)(C)C)(C=C1),-11.770018956,-4.679272344
[N+]1(CC(C)CCC)=CN(C(C)(C)C)(C=C1),-11.731922996000002,-4.720089444
[N+]1(CC(C)C(C)C)=CN(C(C)(C)C)(C=C1),-11.70498371,-4.71981733
[N+]1(CC(CC)CC)=CN(C(C)(C)C)(C=C1),-11.780087174,-4.64362541
[N+]1(CC(C)(C)CC)=CN(C(C)(C)C)(C=C1),-11.70770485,-4.66403396
[N+]1(C(C)CCCC)=CN(C(C)(C)C)(C=C1),-11.70498371,-4.6354619900000005
[N+]1(CC(C)C(C)C)=CN(CCCC)(C=C1),-11.85600698,-4.872473284
[N+]1(C(C)CC(C)C)=CN(C(C)(C)C)(C=C1),-11.713419244,-4.623761088
[N+]1(C(C)C(C)CC)=CN(C(C)(C)C)(C=C1),-11.6464792,-4.527432732
[N+]1(C(C)C(C)(C)C)=CN(C(C)(C)C)(C=C1),-11.661173355999999,-4.562807552
[N+]1(C(CC)CCC)=CN(C(C)(C)C)(C=C1),-11.698725088000002,-4.636006218
[N+]1(C(CC)C(C)C)=CN(C(C)(C)C)(C=C1),-11.688928984,-4.625665886
[N+]1(C(C)(C)CCC)=CN(C(C)(C)C)(C=C1),-11.65600319,-4.494234824
[N+]1(C(C)(C)C(C)C)=CN(C(C)(C)C)(C=C1),-11.598315022000001,-4.545392256
[N+]1(C(C)(CC)CC)=CN(C(C)(C)C)(C=C1),-11.60838324,-4.573419998
[N+]1(CC(CC)CC)=CN(CCCC)(C=C1),-11.870156908,-4.886895326
[N+]1(CC(C)(C)CC)=CN(CCCC)(C=C1),-11.781991972,-4.876827108
[N+]1(C(C)CCCC)=CN(CCCC)(C=C1),-11.770563184,-4.852608962
[N+]1(C(C)CC(C)C)=CN(CCCC)(C=C1),-11.793692874000001,-4.853969532000001
[N+]1(CCCCC)=CN(CCC)(C=C1),-11.893558712,-5.021319642
[N+]1(CC(C)CC)=CN(C(C)C)(C=C1),-11.843217622000001,-4.895058746
[N+]1(CC(C)(C)C)=CN(C(C)C)(C=C1),-11.830700378,-4.829207158
[N+]1(C(C)CCC)=CN(C(C)C)(C=C1),-11.825258098,-4.772607446
[N+]1(C(C)C(C)C)=CN(C(C)C)(C=C1),-11.794237102,-4.783219892
[N+]1(C(CC)CC)=CN(C(C)C)(C=C1),-11.799135154,-4.803900556
[N+]1(C(C)(C)CC)=CN(C(C)C)(C=C1),-11.713691358,-4.729885548
[N+]1(CCC(C)C)=CN(CCC)(C=C1),-11.950430538,-4.956828624
[N+]1(CC(C)CC)=CN(CCC)(C=C1),-11.918865314000001,-4.939413328
[N+]1(CC(C)(C)C)=CN(CCC)(C=C1),-11.870701136000001,-4.958461308
[N+]1(C(C)CCC)=CN(CCC)(C=C1),-11.845666648,-4.91301827
[N+]1(C(C)C(C)C)=CN(CCC)(C=C1),-11.867707882000001,-4.8251254480000005
[N+]1(C(CC)CC)=CN(CCC)(C=C1),-11.884306836,-4.852064734
[N+]1(C(C)(C)CC)=CN(CCC)(C=C1),-11.82743501,-4.794920794
[N+]1(CCCCC)=CN(C(C)C)(C=C1),-11.865803084000001,-4.88580687
[N+]1(CCC(C)C)=CN(C(C)C)(C=C1),-11.874238618,-4.910841358
[N+]1(CC)=CN(CCCCCCCC)(C=C1),-10.82605549,-4.92254226
[N+]1(CC)=CN(CCC(C)C(C)CC)(C=C1),-11.584981436000001,-4.939957556
[N+]1(CC)=CN(CCC(C)C(C)(C)C)(C=C1),-11.659812786,-4.935331618
[N+]1(CC)=CN(CCC(CC)CCC)(C=C1),-11.629880246,-4.970434324
[N+]1(CC)=CN(CCC(CC)C(C)C)(C=C1),-11.639132122000001,-4.956828624
[N+]1(CC)=CN(CCC(C)(C)CCC)(C=C1),-11.470421442000001,-4.818866826
[N+]1(CC)=CN(CCC(C)(C)C(C)C)(C=C1),-11.371916174,-4.862405066
[N+]1(CC)=CN(CCC(C)(CC)CC)(C=C1),-11.447019638,-4.86948003
[N+]1(CC)=CN(CC(C)CCCCC)(C=C1),-11.229872666,-4.93070568
[N+]1(CC)=CN(CC(C)CCC(C)C)(C=C1),-11.387426672,-4.926079742
[N+]1(CC)=CN(CC(C)CC(C)CC)(C=C1),-11.427971658,-4.919004778
[N+]1(CC)=CN(CCCCCC(C)C)(C=C1),-10.931907836,-4.920637462
[N+]1(CC)=CN(CC(C)CC(C)(C)C)(C=C1),-11.471509898,-4.950297888000001
[N+]1(CC)=CN(CC(C)C(C)CCC)(C=C1),-11.66144547,-4.830839842
[N+]1(CC)=CN(CC(C)C(C)C(C)C)(C=C1),-11.593689084000001,-4.825397562
[N+]1(CC)=CN(CC(C)C(CC)CC)(C=C1),-11.567838254,-4.825669676
[N+]1(CC)=CN(CC(C)C(C)(C)CC)(C=C1),-11.68865687,-4.895602974
[N+]1(CC)=CN(CC(CC)CCCC)(C=C1),-11.530558636,-4.838459034
[N+]1(CC)=CN(CC(CC)CC(C)C)(C=C1),-11.71994998,-4.905126964
[N+]1(CC)=CN(CC(CC)C(C)CC)(C=C1),-11.669064662,-4.829207158
[N+]1(CC)=CN(CC(CC)C(C)(C)C)(C=C1),-11.814101424,-4.842812858
[N+]1(CC)=CN(CC(CCC)CCC)(C=C1),-11.828251352,-4.8300235
[N+]1(CC)=CN(CCCCC(C)CC)(C=C1),-10.973269164000001,-4.912746156000001
[N+]1(CC)=CN(CC(C(C)C)CCC)(C=C1),-11.756413256,-4.8289350440000005
[N+]1(CC)=CN(CC(C(C)C)C(C)C)(C=C1),-11.71586827,-4.84771091
[N+]1(CC)=CN(CC(C)(C)CCCC)(C=C1),-11.682126134,-4.8531531900000004
[N+]1(CC)=CN(CC(C)(C)CC(C)C)(C=C1),-11.667431978,-4.857779128000001
[N+]1(CC)=CN(CC(C)(C)C(C)CC)(C=C1),-11.700902000000001,-4.846078226
[N+]1(CC)=CN(CC(C)(C)C(C)(C)C)(C=C1),-11.754236344,-4.832200412
[N+]1(CC)=CN(CC(C)(CC)CCC)(C=C1),-11.700629886,-4.816689914
[N+]1(CC)=CN(CC(C)(CC)C(C)C)(C=C1),-11.771923754,-4.828118702
[N+]1(CC)=CN(CC(CC)(CC)CC)(C=C1),-11.80566589,-4.823764878
[N+]1(CC)=CN(C(C)CCCCCC)(C=C1),-11.260621548000001,-4.8493435940000005
[N+]1(CC)=CN(CCCCC(C)(C)C)(C=C1),-11.61110438,-4.970434324
[N+]1(CC)=CN(C(C)CCCC(C)C)(C=C1),-11.433686052,-4.84907148
[N+]1(CC)=CN(C(C)CCC(C)CC)(C=C1),-11.497632842000002,-4.833288868
[N+]1(CC)=CN(C(C)CCC(C)(C)C)(C=C1),-11.817638906,-4.8346494380000005
[N+]1(CC)=CN(C(C)CC(C)CCC)(C=C1),-11.790971734,-4.844445542
[N+]1(CC)=CN(C(C)CC(C)C(C)C)(C=C1),-11.7961419,-4.82730236
[N+]1(CC)=CN(C(C)CC(CC)CC)(C=C1),-11.711514446,-4.81913894
[N+]1(CC)=CN(C(C)CC(C)(C)CC)(C=C1),-11.553416212,-4.783219892
[N+]1(CC)=CN(C(C)C(C)CCCC)(C=C1),-11.742535442000001,-4.741858564
[N+]1(CC)=CN(C(C)C(C)CC(C)C)(C=C1),-11.77301221,-4.73886531
[N+]1(CC)=CN(C(C)C(C)C(C)CC)(C=C1),-11.706344280000001,-4.793015996
[N+]1(CC)=CN(CCCC(C)CCC)(C=C1),-11.116673242000001,-4.909480788
[N+]1(CC)=CN(C(C)C(C)C(C)(C)C)(C=C1),-11.783624656,-4.80009096
[N+]1(CC)=CN(C(C)C(CC)CCC)(C=C1),-11.795325558000002,-4.794104452
[N+]1(CC)=CN(C(C)C(CC)C(C)C)(C=C1),-11.811924512000001,-4.798458276
[N+]1(CC)=CN(C(C)C(C)(C)CCC)(C=C1),-11.731378768,-4.732606688
[N+]1(CC)=CN(C(C)C(C)(C)C(C)C)(C=C1),-11.718045182000001,-4.7184567600000005
[N+]1(CC)=CN(C(C)C(C)(CC)CC)(C=C1),-11.718317296,-4.712470252
[N+]1(CC)=CN(C(CC)CCCCC)(C=C1),-11.734372022,-4.833833096
[N+]1(CC)=CN(C(CC)CCC(C)C)(C=C1),-11.829067694,-4.848799366
[N+]1(CC)=CN(C(CC)CC(C)CC)(C=C1),-11.82063216,-4.82866293
[N+]1(CC)=CN(C(CC)CC(C)(C)C)(C=C1),-11.819543704,-4.777233384
[N+]1(CC)=CN(CCCC(C)C(C)C)(C=C1),-11.295724254,-4.95927765
[N+]1(CC)=CN(C(CC)C(C)CCC)(C=C1),-11.788522708,-4.755464264
[N+]1(CC)=CN(C(CC)C(C)C(C)C)(C=C1),-11.799407268000001,-4.810703406
[N+]1(CC)=CN(C(CC)C(CC)CC)(C=C1),-11.781447744000001,-4.722538470000001
[N+]1(CC)=CN(C(CC)C(C)(C)CC)(C=C1),-11.774100666,-4.753015238
[N+]1(CC)=CN(C(CCC)CCCC)(C=C1),-11.807026460000001,-4.796825592
[N+]1(CC)=CN(C(CCC)CC(C)C)(C=C1),-11.81110817,-4.788117944000001
[N+]1(CC)=CN(C(CCC)C(C)CC)(C=C1),-11.774644894,-4.7478450720000005
[N+]1(CC)=CN(C(C(C)C)CCCC)(C=C1),-11.814101424,-4.810159178
[N+]1(CC)=CN(C(C(C)C)CC(C)C)(C=C1),-11.78933905,-4.757369062
[N+]1(CC)=CN(C(C(C)C)C(C)CC)(C=C1),-11.78797848,-4.743763362
[N+]1(CC)=CN(CCCC(CC)CC)(C=C1),-11.397767004,-4.8844463
[N+]1(CC)=CN(C(C(C)C)C(C)(C)C)(C=C1),-11.758862282,-4.706755858
[N+]1(CC)=CN(C(CCC)C(C)(C)C)(C=C1),-11.802672636,-4.734511486000001
[N+]1(CC)=CN(C(C)(C)CCCCC)(C=C1),-11.421985150000001,-4.692878044
[N+]1(CC)=CN(C(C)(C)CCC(C)C)(C=C1),-11.65464262,-4.687435764
[N+]1(CC)=CN(C(C)(C)CC(C)CC)(C=C1),-11.691922238,-4.682809826
[N+]1(CC)=CN(C(C)(C)CC(C)(C)C)(C=C1),-11.77709392,-4.689884790000001
[N+]1(CC)=CN(C(C)(C)C(C)CCC)(C=C1),-11.68593573,-4.724443268
[N+]1(CC)=CN(C(C)(C)C(C)C(C)C)(C=C1),-11.711514446,-4.724987496
[N+]1(CC)=CN(C(C)(C)C(CC)CC)(C=C1),-11.744984468,-4.65178883
[N+]1(CC)=CN(C(C)(C)C(C)(C)CC)(C=C1),-11.710698104,-4.636006218
[N+]1(CC)=CN(CCCC(C)(C)CC)(C=C1),-11.174633524,-4.893153948
[N+]1(CC)=CN(C(C)(CC)CCCC)(C=C1),-11.69954143,-4.723354812
[N+]1(CC)=CN(C(C)(CC)CC(C)C)(C=C1),-11.698725088000002,-4.70621163
[N+]1(CC)=CN(C(C)(CC)C(C)CC)(C=C1),-11.722671120000001,-4.63274085
[N+]1(CC)=CN(C(C)(CC)C(C)(C)C)(C=C1),-11.689201098,-4.670292582
[N+]1(CC)=CN(C(C)(CCC)CCC)(C=C1),-11.70226257,-4.713286594
[N+]1(CC)=CN(C(C)(C(C)C)CCC)(C=C1),-11.702806798000001,-4.622944746000001
[N+]1(CC)=CN(C(C)(C(C)C)C(C)C)(C=C1),-11.6872963,-4.67083681
[N+]1(CC)=CN(C(CC)(CC)CCC)(C=C1),-11.69545972,-4.648523462000001
[N+]1(CC)=CN(C(CC)(CC)C(C)C)(C=C1),-11.665255066,-4.6814492560000005
[N+]1(CC)=CN(CCC(C)CCCC)(C=C1),-11.256267724,-4.886078984
[N+]1(CC)=CN(CCC(C)CC(C)C)(C=C1),-11.627975447999999,-4.948393090000001
[N+]1(CC)=CN(CCC)(C=C1),-12.064446304,-5.04907527
[N+]1(CC)=CN(C(C)C)(C=C1),-12.018731152,-4.942678696
[N+]1(CC)=CN(CCCC)(C=C1),-12.028255142,-5.018598502000001
[N+]1(CC)=CN(CC(C)C)(C=C1),-12.01927538,-5.014244678
[N+]1(CC)=CN(C(C)CC)(C=C1),-11.965396808000001,-4.920093234
[N+]1(CC)=CN(C(C)(C)C)(C=C1),-11.947981512000002,-4.79464868
[N+]1(CC)=CN(CCCCCCC)(C=C1),-11.0886455,-4.92254226
[N+]1(CC)=CN(CC(C)C(C)CC)(C=C1),-11.788522708,-4.844989770000001
[N+]1(CC)=CN(CC(C)C(C)(C)C)(C=C1),-11.791788076000001,-4.917099980000001
[N+]1(CC)=CN(CC(CC)CCC)(C=C1),-11.839952254,-4.856690672
[N+]1(CC)=CN(CC(CC)C(C)C)(C=C1),-11.915055718,-4.84090806
[N+]1(CC)=CN(CC(C)(C)CCC)(C=C1),-11.867707882000001,-4.863221408
[N+]1(CC)=CN(CC(C)(C)C(C)C)(C=C1),-11.833421518,-4.856146444
[N+]1(CC)=CN(CC(C)(CC)CC)(C=C1),-11.842129166000001,-4.852608962
[N+]1(CC)=CN(C(C)CCCCC)(C=C1),-11.606206328,-4.85859547
[N+]1(CC)=CN(C(C)CCC(C)C)(C=C1),-11.842673394,-4.856962786
[N+]1(CC)=CN(C(C)CC(C)CC)(C=C1),-11.886755862000001,-4.8417244020000005
[N+]1(CC)=CN(CCCCC(C)C)(C=C1),-11.456271514,-4.986216936
[N+]1(CC)=CN(C(C)CC(C)(C)C)(C=C1),-11.86144926,-4.82049951
[N+]1(CC)=CN(C(C)C(C)CCC)(C=C1),-11.800495724000001,-4.755464264
[N+]1(CC)=CN(C(C)C(C)C(C)C)(C=C1),-11.824441756,-4.818322598
[N+]1(CC)=CN(C(C)C(CC)CC)(C=C1),-11.840768596000002,-4.8180504840000005
[N+]1(CC)=CN(C(C)C(C)(C)CC)(C=C1),-11.798046698,-4.7611786579999995
[N+]1(CC)=CN(C(CC)CCCC)(C=C1),-11.855734866,-4.855602216
[N+]1(CC)=CN(C(CC)CC(C)C)(C=C1),-11.857367550000001,-4.848799366
[N+]1(CC)=CN(C(CC)C(C)CC)(C=C1),-11.788794822,-4.7255317240000005
[N+]1(CC)=CN(C(CC)C(C)(C)C)(C=C1),-11.83287729,-4.750294098
[N+]1(CC)=CN(C(CCC)CCC)(C=C1),-11.846210876,-4.813696660000001
[N+]1(CC)=CN(CCCC(C)CC)(C=C1),-11.523755786,-4.968529526
[N+]1(CC)=CN(C(C(C)C)CCC)(C=C1),-11.844306078,-4.837098464
[N+]1(CC)=CN(C(C(C)C)C(C)C)(C=C1),-11.82199273,-4.77968241
[N+]1(CC)=CN(C(C)(C)CCCC)(C=C1),-11.802400522000001,-4.703218376
[N+]1(CC)=CN(C(C)(C)CC(C)C)(C=C1),-11.81110817,-4.693694386000001
[N+]1(CC)=CN(C(C)(C)C(C)CC)(C=C1),-11.738453732,-4.748661414
[N+]1(CC)=CN(C(C)(C)C(C)(C)C)(C=C1),-11.741991214,-4.671381038
[N+]1(CC)=CN(C(C)(CC)CCC)(C=C1),-11.733011452000001,-4.740770108
[N+]1(CC)=CN(C(C)(CC)C(C)C)(C=C1),-11.765393018,-4.665122416000001
[N+]1(CC)=CN(C(CC)(CC)CC)(C=C1),-11.712875016,-4.7516546680000005
[N+]1(CC)=CN(CCCC(C)(C)C)(C=C1),-11.70498371,-4.869207916
[N+]1(CC)=CN(CCC(C)CCC)(C=C1),-11.79886304,-4.981863112
[N+]1(CC)=CN(CCC(C)C(C)C)(C=C1),-11.819543704,-4.968257412
[N+]1(CC)=CN(CCC(CC)CC)(C=C1),-11.803216864,-4.96335936
[N+]1(CC)=CN(CCC(C)(C)CC)(C=C1),-11.705255824,-4.828118702
[N+]1(CC)=CN(CC(C)CCCC)(C=C1),-11.576818016,-4.939141214
[N+]1(CC)=CN(CC(C)CC(C)C)(C=C1),-11.791788076000001,-4.9361479600000004
[N+]1(CCCCCC)=CN(CCCCCC)(C=C1),-11.564572886,-4.962270904
[N+]1(C(C)CC(C)C)=CN(CC(C)(C)CC)(C=C1),-11.70226257,-4.684986738
[N+]1(C(C)C(C)CC)=CN(CC(C)(C)CC)(C=C1),-11.648111884,-4.680905028000001
[N+]1(C(C)C(C)(C)C)=CN(CC(C)(C)CC)(C=C1),-11.633689842,-4.656414768
[N+]1(C(CC)CCC)=CN(CC(C)(C)CC)(C=C1),-11.701174114,-4.671381038
[N+]1(C(CC)C(C)C)=CN(CC(C)(C)CC)(C=C1),-11.654098392,-4.7369605120000005
[N+]1(C(C)(C)CCC)=CN(CC(C)(C)CC)(C=C1),-11.580899726000002,-4.650700374
[N+]1(C(C)(C)C(C)C)=CN(CC(C)(C)CC)(C=C1),-11.62607065,-4.591651636
[N+]1(C(C)(CC)CC)=CN(CC(C)(C)CC)(C=C1),-11.576273788000002,-4.680088686
[N+]1(C(C)CCCC)=CN(C(C)CCCC)(C=C1),-11.686207844,-4.710021226
[N+]1(C(C)CC(C)C)=CN(C(C)CCCC)(C=C1),-11.687840528,-4.69940878
[N+]1(C(C)C(C)CC)=CN(CCCCCC)(C=C1),-11.543347994,-4.732606688
[N+]1(C(C)C(C)CC)=CN(C(C)CCCC)(C=C1),-11.62743122,-4.615597668
[N+]1(C(C)C(C)(C)C)=CN(C(C)CCCC)(C=C1),-11.6056621,-4.649339804
[N+]1(C(CC)CCC)=CN(C(C)CCCC)(C=C1),-11.699813544000001,-4.655054198
[N+]1(C(CC)C(C)C)=CN(C(C)CCCC)(C=C1),-11.65056091,-4.702674148
[N+]1(C(C)(C)CCC)=CN(C(C)CCCC)(C=C1),-11.613281292,-4.568521946000001
[N+]1(C(C)(C)C(C)C)=CN(C(C)CCCC)(C=C1),-11.57028728,-4.618046694
[N+]1(C(C)(CC)CC)=CN(C(C)CCCC)(C=C1),-11.573280534,-4.6463465500000005
[N+]1(C(C)CC(C)C)=CN(C(C)CC(C)C)(C=C1),-11.646207086,-4.730429776
[N+]1(C(C)C(C)CC)=CN(C(C)CC(C)C)(C=C1),-11.617090888000002,-4.600359284
[N+]1(C(C)C(C)(C)C)=CN(C(C)CC(C)C)(C=C1),-11.610832266000001,-4.6297475960000005
[N+]1(C(C)C(C)(C)C)=CN(CCCCCC)(C=C1),-11.677500196,-4.774512244
[N+]1(C(CC)CCC)=CN(C(C)CC(C)C)(C=C1),-11.672057916,-4.705123174000001
[N+]1(C(CC)C(C)C)=CN(C(C)CC(C)C)(C=C1),-11.66280604,-4.6947828419999995
[N+]1(C(C)(C)CCC)=CN(C(C)CC(C)C)(C=C1),-11.620084142000001,-4.5581816139999995
[N+]1(C(C)(C)C(C)C)=CN(C(C)CC(C)C)(C=C1),-11.569743052,-4.60825059
[N+]1(C(C)(CC)CC)=CN(C(C)CC(C)C)(C=C1),-11.582804524,-4.641720612
[N+]1(C(C)C(C)CC)=CN(C(C)C(C)CC)(C=C1),-11.573280534,-4.522806794
[N+]1(C(C)C(C)(C)C)=CN(C(C)C(C)CC)(C=C1),-11.593144856,-4.549201852
[N+]1(C(CC)CCC)=CN(C(C)C(C)CC)(C=C1),-11.609471696000002,-4.617502466
[N+]1(C(CC)C(C)C)=CN(C(C)C(C)CC)(C=C1),-11.599675592,-4.601991968
[N+]1(C(C)(C)CCC)=CN(C(C)C(C)CC)(C=C1),-11.548790274,-4.480084896
[N+]1(C(CC)CCC)=CN(CCCCCC)(C=C1),-11.69001744,-4.753015238
[N+]1(C(C)(C)C(C)C)=CN(C(C)C(C)CC)(C=C1),-11.61790723,-4.39736224
[N+]1(C(C)(CC)CC)=CN(C(C)C(C)CC)(C=C1),-11.523483672000001,-4.550834536
[N+]1(C(C)C(C)(C)C)=CN(C(C)C(C)(C)C)(C=C1),-11.531374978,-4.6079784759999995
[N+]1(C(CC)CCC)=CN(C(C)C(C)(C)C)(C=C1),-11.595321768,-4.641992726
[N+]1(C(CC)C(C)C)=CN(C(C)C(C)(C)C)(C=C1),-11.606478442,-4.621039948
[N+]1(C(C)(C)CCC)=CN(C(C)C(C)(C)C)(C=C1),-11.564300772000001,-4.516276058000001
[N+]1(C(C)(C)C(C)C)=CN(C(C)C(C)(C)C)(C=C1),-11.56892671,-4.484982948
[N+]1(C(C)(CC)CC)=CN(C(C)C(C)(C)C)(C=C1),-11.509877972000002,-4.578862278
[N+]1(C(CC)CCC)=CN(C(CC)CCC)(C=C1),-11.621716826000002,-4.778049726
[N+]1(C(CC)C(C)C)=CN(C(CC)CCC)(C=C1),-11.6872963,-4.647979234
[N+]1(C(CC)C(C)C)=CN(CCCCCC)(C=C1),-11.646207086,-4.741042222
[N+]1(C(C)(C)CCC)=CN(C(CC)CCC)(C=C1),-11.60294096,-4.581583418
[N+]1(C(C)(C)C(C)C)=CN(C(CC)CCC)(C=C1),-11.56076329,-4.624849544
[N+]1(C(C)(CC)CC)=CN(C(CC)CCC)(C=C1),-11.571647850000002,-4.658863794
[N+]1(C(CC)C(C)C)=CN(C(CC)C(C)C)(C=C1),-11.637227324,-4.6999530080000005
[N+]1(C(C)(C)CCC)=CN(C(CC)C(C)C)(C=C1),-11.594505426000001,-4.566889262
[N+]1(C(C)(C)C(C)C)=CN(C(CC)C(C)C)(C=C1),-11.546885476,-4.612604414
[N+]1(C(C)(CC)CC)=CN(C(CC)C(C)C)(C=C1),-11.593689084000001,-4.58376033
[N+]1(C(C)(C)CCC)=CN(C(C)(C)CCC)(C=C1),-11.562668088,-4.428927464
[N+]1(C(C)(C)C(C)C)=CN(C(C)(C)CCC)(C=C1),-11.509333744000001,-4.478724326
[N+]1(C(C)(CC)CC)=CN(C(C)(C)CCC)(C=C1),-11.516408708,-4.525800048
[N+]1(C(C)(C)CCC)=CN(CCCCCC)(C=C1),-11.534912460000001,-4.6814492560000005
[N+]1(C(C)(C)C(C)C)=CN(C(C)(C)C(C)C)(C=C1),-11.45735997,-4.529609644
[N+]1(C(C)(CC)CC)=CN(C(C)(C)C(C)C)(C=C1),-11.472598354,-4.563623894
[N+]1(C(C)(CC)CC)=CN(C(C)(CC)CC)(C=C1),-11.4832108,-4.597093916
[N+]1(C(C)(C)C(C)C)=CN(CCCCCC)(C=C1),-11.531919206000001,-4.746484502
[N+]1(C(C)(CC)CC)=CN(CCCCCC)(C=C1),-11.60702267,-4.693150158000001
[N+]1(CCCC(C)C)=CN(CCCC(C)C)(C=C1),-11.695187606000001,-4.916555752000001
[N+]1(CCC(C)CC)=CN(CCCC(C)C)(C=C1),-11.767842044,-4.936692188
[N+]1(CCC(C)(C)C)=CN(CCCC(C)C)(C=C1),-11.794509216,-4.888800123999999
[N+]1(CCCC(C)C)=CN(CCCCCC)(C=C1),-11.555321010000002,-4.929072996
[N+]1(CC(C)CCC)=CN(CCCC(C)C)(C=C1),-11.785529454,-4.849887822
[N+]1(CC(C)C(C)C)=CN(CCCC(C)C)(C=C1),-11.771107412000001,-4.840363832
[N+]1(CC(CC)CC)=CN(CCCC(C)C)(C=C1),-11.752059432,-4.831656184
[N+]1(CC(C)(C)CC)=CN(CCCC(C)C)(C=C1),-11.633145614,-4.793015996
[N+]1(C(C)CCCC)=CN(CCCC(C)C)(C=C1),-11.728929742000002,-4.833560982000001
[N+]1(C(C)CC(C)C)=CN(CCCC(C)C)(C=C1),-11.77981506,-4.74158645
[N+]1(C(C)C(C)CC)=CN(CCCC(C)C)(C=C1),-11.642941718,-4.722810584
[N+]1(C(C)C(C)(C)C)=CN(CCCC(C)C)(C=C1),-11.651105138,-4.758457518
[N+]1(C(CC)CCC)=CN(CCCC(C)C)(C=C1),-11.751787318,-4.744035476
[N+]1(C(CC)C(C)C)=CN(CCCC(C)C)(C=C1),-11.754236344,-4.732606688
[N+]1(CCC(C)CC)=CN(CCCCCC)(C=C1),-11.696276062,-4.867575232
[N+]1(C(C)(C)CCC)=CN(CCCC(C)C)(C=C1),-11.642941718,-4.6890684480000004
[N+]1(C(C)(C)C(C)C)=CN(CCCC(C)C)(C=C1),-11.612464950000001,-4.742674906
[N+]1(C(C)(CC)CC)=CN(CCCC(C)C)(C=C1),-11.678588652,-4.673285836000001
[N+]1(CCC(C)CC)=CN(CCC(C)CC)(C=C1),-11.781719858,-4.834105210000001
[N+]1(CCC(C)(C)C)=CN(CCC(C)CC)(C=C1),-11.81791102,-4.856962786
[N+]1(CC(C)CCC)=CN(CCC(C)CC)(C=C1),-11.789883278,-4.841996516
[N+]1(CC(C)C(C)C)=CN(CCC(C)CC)(C=C1),-11.759950738,-4.830839842
[N+]1(CC(CC)CC)=CN(CCC(C)CC)(C=C1),-11.82199273,-4.841452288
[N+]1(CC(C)(C)CC)=CN(CCC(C)CC)(C=C1),-11.768386271999999,-4.780770866
[N+]1(C(C)CCCC)=CN(CCC(C)CC)(C=C1),-11.74580081,-4.7331509160000005
[N+]1(CCC(C)(C)C)=CN(CCCCCC)(C=C1),-11.581443954000001,-4.872201169999999
[N+]1(C(C)CC(C)C)=CN(CCC(C)CC)(C=C1),-11.758590168000001,-4.723626926
[N+]1(C(C)C(C)CC)=CN(CCC(C)CC)(C=C1),-11.747977722,-4.61777458
[N+]1(C(C)C(C)(C)C)=CN(CCC(C)CC)(C=C1),-11.67777231,-4.764171912000001
[N+]1(C(CC)CCC)=CN(CCC(C)CC)(C=C1),-11.757501712000002,-4.737776854
[N+]1(C(CC)C(C)C)=CN(CCC(C)CC)(C=C1),-11.746345038000001,-4.728524978
[N+]1(C(C)(C)CCC)=CN(CCC(C)CC)(C=C1),-11.664982952,-4.68172137
[N+]1(C(C)(C)C(C)C)=CN(CCC(C)CC)(C=C1),-11.612737064,-4.72525961
[N+]1(C(C)(CC)CC)=CN(CCC(C)CC)(C=C1),-11.670425232,-4.671925266000001
[N+]1(CCC(C)(C)C)=CN(CCC(C)(C)C)(C=C1),-11.822536958,-4.772335332000001
[N+]1(CC(C)CCC)=CN(CCC(C)(C)C)(C=C1),-11.778998718,-4.837370578000001
[N+]1(CC(C)CCC)=CN(CCCCCC)(C=C1),-11.6056621,-4.848527252
[N+]1(CC(C)C(C)C)=CN(CCC(C)(C)C)(C=C1),-11.814373538,-4.759545974000001
[N+]1(CC(CC)CC)=CN(CCC(C)(C)C)(C=C1),-11.77981506,-4.838459034
[N+]1(CC(C)(C)CC)=CN(CCC(C)(C)C)(C=C1),-11.754508458000002,-4.773968016
[N+]1(C(C)CCCC)=CN(CCC(C)(C)C)(C=C1),-11.784985226,-4.692878044
[N+]1(C(C)CC(C)C)=CN(CCC(C)(C)C)(C=C1),-11.772467982,-4.69940878
[N+]1(C(C)C(C)CC)=CN(CCC(C)(C)C)(C=C1),-11.682670362,-4.730701890000001
[N+]1(C(C)C(C)(C)C)=CN(CCC(C)(C)C)(C=C1),-11.702806798000001,-4.672741608000001
[N+]1(C(CC)CCC)=CN(CCC(C)(C)C)(C=C1),-11.77301221,-4.690429018
[N+]1(C(CC)C(C)C)=CN(CCC(C)(C)C)(C=C1),-11.761583422000001,-4.684714624000001
[N+]1(C(C)(C)CCC)=CN(CCC(C)(C)C)(C=C1),-11.688112642000002,-4.599542942
[N+]1(CC(C)C(C)C)=CN(CCCCCC)(C=C1),-11.604573644,-4.841452288
[N+]1(C(C)(C)C(C)C)=CN(CCC(C)(C)C)(C=C1),-11.644030174000001,-4.6610407060000005
[N+]1(C(C)(CC)CC)=CN(CCC(C)(C)C)(C=C1),-11.712602902,-4.60825059
[N+]1(CC(C)CCC)=CN(CC(C)CCC)(C=C1),-11.737365276,-4.864309864
[N+]1(CC(C)C(C)C)=CN(CC(C)CCC)(C=C1),-11.768114158000001,-4.802539986
[N+]1(CC(CC)CC)=CN(CC(C)CCC)(C=C1),-11.761855536,-4.750838326
[N+]1(CC(C)(C)CC)=CN(CC(C)CCC)(C=C1),-11.703078912,-4.767165166000001
[N+]1(C(C)CCCC)=CN(CC(C)CCC)(C=C1),-11.724575918,-4.722266356
[N+]1(C(C)CC(C)C)=CN(CC(C)CCC)(C=C1),-11.733011452000001,-4.7146471640000005
[N+]1(C(C)C(C)CC)=CN(CC(C)CCC)(C=C1),-11.644846516,-4.690156904
[N+]1(C(C)C(C)(C)C)=CN(CC(C)CCC)(C=C1),-11.637771552,-4.72662018
[N+]1(CC(CC)CC)=CN(CCCCCC)(C=C1),-11.736821048,-4.854785874000001
[N+]1(C(CC)CCC)=CN(CC(C)CCC)(C=C1),-11.734644136,-4.723354812
[N+]1(C(CC)C(C)C)=CN(CC(C)CCC)(C=C1),-11.721854778,-4.71301448
[N+]1(C(C)(C)CCC)=CN(CC(C)CCC)(C=C1),-11.646207086,-4.662129162
[N+]1(C(C)(C)C(C)C)=CN(CC(C)CCC)(C=C1),-11.64920034,-4.645802322
[N+]1(C(C)(CC)CC)=CN(CC(C)CCC)(C=C1),-11.649744568000001,-4.660496478000001
[N+]1(CC(C)C(C)C)=CN(CC(C)C(C)C)(C=C1),-11.731378768,-4.79600925
[N+]1(CC(CC)CC)=CN(CC(C)C(C)C)(C=C1),-11.754780572,-4.807165924
[N+]1(CC(C)(C)CC)=CN(CC(C)C(C)C)(C=C1),-11.687024186,-4.815873572
[N+]1(C(C)CCCC)=CN(CC(C)C(C)C)(C=C1),-11.740630644000001,-4.717912532000001
[N+]1(C(C)CC(C)C)=CN(CC(C)C(C)C)(C=C1),-11.749882520000002,-4.707844314
[N+]1(CC(C)(C)CC)=CN(CCCCCC)(C=C1),-11.739814302,-4.784308348000001
[N+]1(C(C)C(C)CC)=CN(CC(C)C(C)C)(C=C1),-11.704167368,-4.624305316
[N+]1(C(C)C(C)(C)C)=CN(CC(C)C(C)C)(C=C1),-11.704439482000002,-4.63138028
[N+]1(C(CC)CCC)=CN(CC(C)C(C)C)(C=C1),-11.738453732,-4.719000988
[N+]1(C(CC)C(C)C)=CN(CC(C)C(C)C)(C=C1),-11.725392260000001,-4.710021226
[N+]1(C(C)(C)CCC)=CN(CC(C)C(C)C)(C=C1),-11.623893738,-4.6531494
[N+]1(C(C)(C)C(C)C)=CN(CC(C)C(C)C)(C=C1),-11.620356255999999,-4.6425369540000005
[N+]1(C(C)(CC)CC)=CN(CC(C)C(C)C)(C=C1),-11.650288796000002,-4.653965742
[N+]1(CC(CC)CC)=CN(CC(CC)CC)(C=C1),-11.810836056,-4.726075952
[N+]1(CC(C)(C)CC)=CN(CC(CC)CC)(C=C1),-11.751515204,-4.751110440000001
[N+]1(C(C)CCCC)=CN(CC(CC)CC)(C=C1),-11.74444024,-4.7146471640000005
[N+]1(C(C)CCCC)=CN(CCCCCC)(C=C1),-11.54035474,-4.83546578
[N+]1(C(C)CC(C)C)=CN(CC(CC)CC)(C=C1),-11.737909504000001,-4.701041464
[N+]1(C(C)C(C)CC)=CN(CC(CC)CC)(C=C1),-11.678588652,-4.619679378000001
[N+]1(C(C)C(C)(C)C)=CN(CC(CC)CC)(C=C1),-11.686207844,-4.62865914
[N+]1(C(CC)CCC)=CN(CC(CC)CC)(C=C1),-11.728657628,-4.710565454
[N+]1(C(CC)C(C)C)=CN(CC(CC)CC)(C=C1),-11.723487462,-4.709749112000001
[N+]1(C(C)(C)CCC)=CN(CC(CC)CC)(C=C1),-11.653282050000001,-4.650700374
[N+]1(C(C)(C)C(C)C)=CN(CC(CC)CC)(C=C1),-11.693010694,-4.563896008
[N+]1(C(C)(CC)CC)=CN(CC(CC)CC)(C=C1),-11.64511863,-4.66131282
[N+]1(CC(C)(C)CC)=CN(CC(C)(C)CC)(C=C1),-11.706072166,-4.756824834
[N+]1(C(C)CCCC)=CN(CC(C)(C)CC)(C=C1),-11.704439482000002,-4.6909732459999995
[N+]1(C(C)CC(C)C)=CN(CCCCCC)(C=C1),-11.693282808000001,-4.749477756
[N+]1(CCC)=CN(CCCC)(C=C1),-11.977641938000001,-4.980774656
[N+]1(C(C)C)=CN(CCCC)(C=C1),-11.893558712,-4.927984540000001
[N+]1(CCC)=CN(CC(C)C)(C=C1),-11.960498756,-4.969345868
[N+]1(C(C)C)=CN(CC(C)C)(C=C1),-11.90634807,-4.900501026000001
[N+]1(CCC)=CN(C(C)CC)(C=C1),-11.916688402,-4.8697521440000004
[N+]1(C(C)C)=CN(C(C)CC)(C=C1),-11.857639664,-4.806621696
[N+]1(CCC)=CN(C(C)(C)C)(C=C1),-11.855190638,-4.814240888
[N+]1(C(C)C)=CN(C(C)(C)C)(C=C1),-11.814101424,-4.693150158000001
[N+]1(CCC)=CN(CCCCCC)(C=C1),-11.663078154,-4.950025774
[N+]1(C(C)C)=CN(CCCCCC)(C=C1),-11.57709013,-4.873289626
[N+]1(CCC)=CN(CCCC(C)C)(C=C1),-11.81246874,-5.002543776
[N+]1(C(C)C)=CN(CCCC(C)C)(C=C1),-11.764032448,-4.856146444
[N+]1(CCC)=CN(CCC(C)CC)(C=C1),-11.90634807,-4.939957556
[N+]1(C(C)C)=CN(CCC(C)CC)(C=C1),-11.892198142,-4.789750628
[N+]1(CCC)=CN(CCC(C)(C)C)(C=C1),-11.894375054000001,-4.919276892
[N+]1(C(C)C)=CN(CCC(C)(C)C)(C=C1),-11.857367550000001,-4.7919275400000005
[N+]1(CCC)=CN(CC(C)CCC)(C=C1),-11.87505496,-4.90621542
[N+]1(C(C)C)=CN(CC(C)CCC)(C=C1),-11.810019714000001,-4.861588724000001
[N+]1(CCC)=CN(CC(C)C(C)C)(C=C1),-11.88730009,-4.901861596
[N+]1(C(C)C)=CN(CC(C)C(C)C)(C=C1),-11.87369439,-4.755464264
[N+]1(CCC)=CN(CC(CC)CC)(C=C1),-11.897368308,-4.916283638
[N+]1(C(C)C)=CN(CC(CC)CC)(C=C1),-11.82063216,-4.8493435940000005
[N+]1(CCC)=CN(CC(C)(C)CC)(C=C1),-11.86144926,-4.852064734
[N+]1(C(C)C)=CN(CC(C)(C)CC)(C=C1),-11.793148646,-4.77696127
[N+]1(CCC)=CN(C(C)CCCC)(C=C1),-11.847571446,-4.82866293
[N+]1(C(C)C)=CN(C(C)CCCC)(C=C1),-11.794237102,-4.755736378000001
[N+]1(CCC)=CN(C(C)CC(C)C)(C=C1),-11.866619426,-4.815873572
[N+]1(C(C)C)=CN(C(C)CC(C)C)(C=C1),-11.804305320000001,-4.752198896
[N+]1(CCC)=CN(C(C)C(C)CC)(C=C1),-11.801312066000001,-4.7203615580000005
[N+]1(C(C)C)=CN(C(C)C(C)CC)(C=C1),-11.713419244,-4.67219738
[N+]1(CCC)=CN(C(C)C(C)(C)C)(C=C1),-11.814917766,-4.738593196
[N+]1(C(C)C)=CN(C(C)C(C)(C)C)(C=C1),-11.740902758,-4.684714624000001
[N+]1(CCC)=CN(C(CC)CCC)(C=C1),-11.848659902,-4.822404308
[N+]1(C(C)C)=CN(C(CC)CCC)(C=C1),-11.788250594,-4.757641176
[N+]1(CCC)=CN(C(CC)C(C)C)(C=C1),-11.82607444,-4.827030246
[N+]1(C(C)C)=CN(C(CC)C(C)C)(C=C1),-11.758590168000001,-4.767165166000001
[N+]1(CCC)=CN(C(C)(C)CCC)(C=C1),-11.760222852,-4.7483892999999995
[N+]1(C(C)C)=CN(C(C)(C)CCC)(C=C1),-11.741991214,-4.608522704
[N+]1(CCC)=CN(C(C)(C)C(C)C)(C=C1),-11.706344280000001,-4.793288110000001
[N+]1(C(C)C)=CN(C(C)(C)C(C)C)(C=C1),-11.684303046,-4.6629455040000005
[N+]1(CCC)=CN(C(C)(CC)CC)(C=C1),-11.756413256,-4.758457518
[N+]1(C(C)C)=CN(C(C)(CC)CC)(C=C1),-11.69273858,-4.694510728
[N+]1(C)=CN(CCCCCC)(C=C1),-11.441849472000001,-5.044177218000001
[N+]1(C)=CN(C(C)C(C)CC)(C=C1),-11.8777761,-5.096150992
[N+]1(C)=CN(C(C)C(C)(C)C)(C=C1),-12.036690676000001,-5.09805579
[N+]1(C)=CN(C(CC)CCC)(C=C1),-12.040500272000001,-5.015877362
[N+]1(C)=CN(C(CC)C(C)C)(C=C1),-11.995873576000001,-5.065674224
[N+]1(C)=CN(C(C)(C)CCC)(C=C1),-12.082950056,-4.987033278
[N+]1(C)=CN(C(C)(C)C(C)C)(C=C1),-12.080228916000001,-4.9892101900000005
[N+]1(C)=CN(C(C)(CC)CC)(C=C1),-12.005941794,-5.003088004
[N+]1(C)=CN(CCCC(C)C)(C=C1),-11.994513006,-4.989482304
[N+]1(C)=CN(CCC(C)CC)(C=C1),-12.018731152,-4.981863112
[N+]1(C)=CN(CCC(C)(C)C)(C=C1),-11.949342082000001,-4.886895326
[N+]1(C)=CN(CC(C)CCC)(C=C1),-11.952335336,-4.905943306
[N+]1(C)=CN(CC(C)C(C)C)(C=C1),-11.999683172,-4.990026532
[N+]1(C)=CN(CC(CC)CC)(C=C1),-11.987438041999999,-4.977509288
[N+]1(C)=CN(CC(C)(C)CC)(C=C1),-11.948525740000001,-4.833560982000001
[N+]1(C)=CN(C(C)CCCC)(C=C1),-11.891381800000001,-4.890432808
[N+]1(C)=CN(C(C)CC(C)C)(C=C1),-11.898184650000001,-4.917372094
[N+]1(C)=CN(CCCCCCC)(C=C1),-11.106060796000001,-5.037374368
[N+]1(C)=CN(CCCCC(C)C)(C=C1),-11.281574326000001,-5.045809902
[N+]1(C)=CN(CCCC(C)CC)(C=C1),-11.374637314000001,-5.030843632
[N+]1(C)=CN(CCCC(C)(C)C)(C=C1),-11.646751314000001,-5.023496554
[N+]1(C)=CN(CCC(C)CCC)(C=C1),-11.555865238,-5.017237932
[N+]1(C)=CN(CCC(C)C(C)C)(C=C1),-11.836686886,-5.063769426
[N+]1(C)=CN(CCC(CC)CC)(C=C1),-11.822809072,-5.070300162
[N+]1(C)=CN(CCC(C)(C)CC)(C=C1),-11.731922996000002,-4.948665204
[N+]1(C)=CN(CC(C)CCCC)(C=C1),-11.604029416,-5.055333892
[N+]1(C)=CN(CC(C)CC(C)C)(C=C1),-11.830700378,-5.044177218000001
[N+]1(C)=CN(CC(C)C(C)CC)(C=C1),-11.835054202,-4.95927765
[N+]1(C)=CN(CC(C)C(C)(C)C)(C=C1),-11.867163654,-5.031115746
[N+]1(C)=CN(CC(CC)CCC)(C=C1),-11.882674152000002,-4.958733422
[N+]1(C)=CN(CC(CC)C(C)C)(C=C1),-11.995873576000001,-4.951386344
[N+]1(C)=CN(CC(C)(C)CCC)(C=C1),-11.901450018,-4.986216936
[N+]1(C)=CN(CC(C)(C)C(C)C)(C=C1),-11.924307594,-4.966624728
[N+]1(C)=CN(CC(C)(CC)CC)(C=C1),-11.944988258,-4.956828624
[N+]1(C)=CN(C(C)CCCCC)(C=C1),-11.611920722,-4.976692946
[N+]1(C)=CN(C(C)CCC(C)C)(C=C1),-11.874510732000001,-4.969617982
[N+]1(C)=CN(C(C)CC(C)CC)(C=C1),-11.969206404,-4.96063822
[N+]1(C)=CN(C(C)CC(C)(C)C)(C=C1),-11.964308352000002,-4.914106726
[N+]1(C)=CN(C(C)C(C)CCC)(C=C1),-11.89274237,-4.862405066
[N+]1(C)=CN(C(C)C(C)C(C)C)(C=C1),-11.919953770000001,-4.937780644
[N+]1(C)=CN(C(C)C(CC)CC)(C=C1),-11.944171916,-4.931249908
[N+]1(C)=CN(C(C)C(C)(C)CC)(C=C1),-11.903899044000001,-4.8659425480000005
[N+]1(C)=CN(C(CC)CCCC)(C=C1),-11.9458046,-4.97152278
[N+]1(C)=CN(C(CC)CC(C)C)(C=C1),-11.958321844,-4.959549764
[N+]1(C)=CN(C(CC)C(C)CC)(C=C1),-11.886211634,-4.831928298
[N+]1(C)=CN(C(CC)C(C)(C)C)(C=C1),-11.941995003999999,-4.869207916
[N+]1(C)=CN(C(CCC)CCC)(C=C1),-11.949342082000001,-4.92662397
[N+]1(C)=CN(C(C(C)C)CCC)(C=C1),-11.949342082000001,-4.947304634
[N+]1(C)=CN(C(C(C)C)C(C)C)(C=C1),-11.921042225999999,-4.88036459
[N+]1(C)=CN(C(C)(C)CCCC)(C=C1),-11.848932016000001,-4.80961495
[N+]1(C)=CN(C(C)(C)CC(C)C)(C=C1),-11.913695148,-4.800635188
[N+]1(C)=CN(C(C)(C)C(C)CC)(C=C1),-11.831788834,-4.8572349
[N+]1(C)=CN(C(C)(C)C(C)(C)C)(C=C1),-11.8505647,-4.772607446
[N+]1(C)=CN(C(C)(CC)CCC)(C=C1),-11.835870544,-4.847983024
[N+]1(C)=CN(C(C)(CC)C(C)C)(C=C1),-11.85872812,-4.772607446
[N+]1(C)=CN(C(CC)(CC)CC)(C=C1),-11.812740854000001,-4.856146444
[N+]1(C)=CN(CCCCCCCC)(C=C1),-10.95667021,-5.0243128960000005
[N+]1(C)=CN(CCCCCC(C)C)(C=C1),-10.951772158,-5.0466262440000005
[N+]1(C)=CN(CCCCC(C)CC)(C=C1),-10.994766170000002,-5.039279166
[N+]1(C)=CN(CCCCC(C)(C)C)(C=C1),-11.288921404,-5.008530284
[N+]1(C)=CN(CCCC(C)CCC)(C=C1),-11.133816424,-5.017510046
[N+]1(C)=CN(CCCC(C)C(C)C)(C=C1),-11.135449108,-5.02458501
[N+]1(C)=CN(CCCC(CC)CC)(C=C1),-11.181708488,-5.019414844000001
[N+]1(C)=CN(CCCC(C)(C)CC)(C=C1),-11.203205494,-5.014788906000001
[N+]1(C)=CN(CCC(C)CCCC)(C=C1),-11.27776473,-5.008802398
[N+]1(C)=CN(CCC(C)CC(C)C)(C=C1),-11.35667779,-5.0077139420000005
[N+]1(C)=CN(CCC(C)C(C)CC)(C=C1),-11.387970900000001,-4.991387102000001
[N+]1(C)=CN(CCC(C)C(C)(C)C)(C=C1),-11.7145077,-5.043360876
[N+]1(C)=CN(CCC(CC)CCC)(C=C1),-11.390692040000001,-4.995740926
[N+]1(C)=CN(CCC(CC)C(C)C)(C=C1),-11.635866754,-5.033292658
[N+]1(C)=CN(CCC(C)(C)CCC)(C=C1),-11.423617834000002,-4.98648905
[N+]1(C)=CN(CCC(C)(C)C(C)C)(C=C1),-11.40429774,-4.982951568000001
[N+]1(C)=CN(CCC(C)(CC)CC)(C=C1),-11.482938686,-4.9783256300000005
[N+]1(C)=CN(CC(C)CCCCC)(C=C1),-11.253002356000001,-5.045809902
[N+]1(C)=CN(CC(C)CCC(C)C)(C=C1),-11.413005388,-5.0390070520000005
[N+]1(C)=CN(CC(C)CC(C)CC)(C=C1),-11.456815742000002,-5.030843632
[N+]1(C)=CN(CC(C)CC(C)(C)C)(C=C1),-11.499265526,-5.0632251980000005
[N+]1(C)=CN(CC(C)C(C)CCC)(C=C1),-11.69545972,-4.939685442
[N+]1(C)=CN(CC(C)C(C)C(C)C)(C=C1),-11.626342764,-4.94022967
[N+]1(C)=CN(CC(C)C(CC)CC)(C=C1),-11.600491934,-4.935603732000001
[N+]1(C)=CN(CC(C)C(C)(C)CC)(C=C1),-11.727569171999999,-5.01506102
[N+]1(C)=CN(CC(CC)CCCC)(C=C1),-11.549606616,-4.952202686000001
[N+]1(C)=CN(CC(CC)CC(C)C)(C=C1),-11.728929742000002,-4.94295081
[N+]1(C)=CN(CC(CC)C(C)CC)(C=C1),-11.694099150000001,-4.939141214
[N+]1(C)=CN(CC(CC)C(C)(C)C)(C=C1),-11.83968014,-4.9247191720000005
[N+]1(C)=CN(CC(CCC)CCC)(C=C1),-11.856279094,-4.927440312
[N+]1(C)=CN(CC(C(C)C)CCC)(C=C1),-11.801312066000001,-4.941590240000001
[N+]1(C)=CN(CC(C(C)C)C(C)C)(C=C1),-11.75804594,-4.933698934000001
[N+]1(C)=CN(CC(C)(C)CCCC)(C=C1),-11.572464192,-4.958189194000001
[N+]1(C)=CN(CC(C)(C)CC(C)C)(C=C1),-11.719677866000001,-4.965808386000001
[N+]1(C)=CN(CC(C)(C)C(C)CC)(C=C1),-11.760494966000001,-4.946760406
[N+]1(C)=CN(CC(C)(C)C(C)(C)C)(C=C1),-11.82199273,-4.931249908
[N+]1(C)=CN(CC(C)(CC)CCC)(C=C1),-11.734372022,-4.924447058
[N+]1(C)=CN(CC(C)(CC)C(C)C)(C=C1),-11.835326316,-4.926079742
[N+]1(C)=CN(CC(CC)(CC)CC)(C=C1),-11.901994246000001,-4.928256654
[N+]1(C)=CN(C(C)CCCCCC)(C=C1),-11.271233994000001,-4.970162210000001
[N+]1(C)=CN(C(C)CCCC(C)C)(C=C1),-11.457087856000001,-4.969617982
[N+]1(C)=CN(C(C)CCC(C)CC)(C=C1),-11.510966428000001,-4.951386344
[N+]1(C)=CN(C(C)CCC(C)(C)C)(C=C1),-11.757229598,-4.9029500520000004
[N+]1(C)=CN(C(C)CC(C)CCC)(C=C1),-11.590423716,-4.956012282
[N+]1(C)=CN(C(C)CC(C)C(C)C)(C=C1),-11.780631402,-4.92390283
[N+]1(C)=CN(C(C)CC(CC)CC)(C=C1),-11.738725846000001,-4.933154706000001
[N+]1(C)=CN(C(C)CC(C)(C)CC)(C=C1),-11.590151602,-4.895058746
[N+]1(C)=CN(C(C)C(C)CCCC)(C=C1),-11.887572204000001,-4.8749223100000005
[N+]1(C)=CN(C(C)C(C)CC(C)C)(C=C1),-11.878592442,-4.86403775
[N+]1(C)=CN(C(C)C(C)C(C)CC)(C=C1),-11.742535442000001,-4.856418558
[N+]1(C)=CN(C(C)C(C)C(C)(C)C)(C=C1),-11.923763366000001,-4.865670434
[N+]1(C)=CN(C(C)C(CC)CCC)(C=C1),-11.849476244000002,-4.911385586000001
[N+]1(C)=CN(C(C)C(CC)C(C)C)(C=C1),-11.907980754,-4.858051242
[N+]1(C)=CN(C(C)C(C)(C)CCC)(C=C1),-11.807026460000001,-4.840363832
[N+]1(C)=CN(C(C)C(C)(C)C(C)C)(C=C1),-11.830700378,-4.848527252
[N+]1(C)=CN(C(C)C(C)(CC)CC)(C=C1),-11.82879558,-4.841996516
[N+]1(C)=CN(C(CC)CCCCC)(C=C1),-11.750426748,-4.9451277220000005
[N+]1(C)=CN(C(CC)CCC(C)C)(C=C1),-11.847571446,-4.947576748
[N+]1(C)=CN(C(CC)CC(C)CC)(C=C1),-11.872878048,-4.940773898000001
[N+]1(C)=CN(C(CC)CC(C)(C)C)(C=C1),-11.908252868,-4.898596228000001
[N+]1(C)=CN(C(CC)C(C)CCC)(C=C1),-11.884851064,-4.861044496
[N+]1(C)=CN(C(CC)C(C)C(C)C)(C=C1),-11.892198142,-4.921181690000001
[N+]1(C)=CN(C(CC)C(CC)CC)(C=C1),-11.88593952,-4.831928298
[N+]1(C)=CN(C(CC)C(C)(C)CC)(C=C1),-11.879680898,-4.865126206
[N+]1(C)=CN(C(CCC)CCCC)(C=C1),-11.900361562,-4.911113472
[N+]1(C)=CN(C(CCC)CC(C)C)(C=C1),-11.91042978,-4.8953308600000005
[N+]1(C)=CN(C(CCC)C(C)CC)(C=C1),-11.89410294,-4.863493522000001
[N+]1(C)=CN(C(C(C)C)CCCC)(C=C1),-11.910157666000002,-4.9195490060000004
[N+]1(C)=CN(C(C(C)C)CC(C)C)(C=C1),-11.87505496,-4.852336848
[N+]1(C)=CN(C(C(C)C)C(C)CC)(C=C1),-11.884306836,-4.84907148
[N+]1(C)=CN(C(C(C)C)C(C)(C)C)(C=C1),-11.85328584,-4.822676422
[N+]1(C)=CN(C(CCC)C(C)(C)C)(C=C1),-11.891926028,-4.84090806
[N+]1(C)=CN(C(C)(C)CCCCC)(C=C1),-11.443210042,-4.803628442
[N+]1(C)=CN(C(C)(C)CCC(C)C)(C=C1),-11.686752071999999,-4.805533240000001
[N+]1(C)=CN(C(C)(C)CC(C)CC)(C=C1),-11.744168126,-4.78784583
[N+]1(C)=CN(C(C)(C)CC(C)(C)C)(C=C1),-11.876959758000002,-4.78648526
[N+]1(C)=CN(C(C)(C)C(C)CCC)(C=C1),-11.773556438,-4.832200412
[N+]1(C)=CN(C(C)(C)C(C)C(C)C)(C=C1),-11.805121662,-4.829479272
[N+]1(C)=CN(C(C)(C)C(CC)CC)(C=C1),-11.742263328000002,-4.824036992
[N+]1(C)=CN(C(C)(C)C(C)(C)CC)(C=C1),-11.810291828,-4.726348066000001
[N+]1(C)=CN(C(C)(CC)CCCC)(C=C1),-11.785801568,-4.830839842
[N+]1(C)=CN(C(C)(CC)CC(C)C)(C=C1),-11.798046698,-4.811791862
[N+]1(C)=CN(C(C)(CC)C(C)CC)(C=C1),-11.829884036000001,-4.735599942
[N+]1(C)=CN(C(C)(CC)C(C)(C)C)(C=C1),-11.81382931,-4.740497994
[N+]1(C)=CN(C(C)(CCC)CCC)(C=C1),-11.802128408,-4.815601458
[N+]1(C)=CN(C(C)(C(C)C)CCC)(C=C1),-11.801312066000001,-4.752743124
[N+]1(C)=CN(C(C)(C(C)C)C(C)C)(C=C1),-11.788522708,-4.770974762000001
[N+]1(C)=CN(C(CC)(CC)CCC)(C=C1),-11.80022361,-4.762811342
[N+]1(C)=CN(C(CC)(CC)C(C)C)(C=C1),-11.762671878,-4.793560224
[N+]1(C)=CN(CCCCCCCCC)(C=C1),-10.704692646000002,-5.0153331340000005
[N+]1(C)=CN(CCCCCCC(C)C)(C=C1),-10.787415302000001,-5.023496554
[N+]1(C)=CN(CCCCCC(C)CC)(C=C1),-10.825783376,-5.0210475279999995
[N+]1(C)=CN(CCCCCC(C)(C)C)(C=C1),-10.961296148,-5.024857124
[N+]1(C)=CN(CCCCC(C)CCC)(C=C1),-10.93762223,-5.014244678
[N+]1(C)=CN(CCCCC(C)C(C)C)(C=C1),-10.780884566,-5.034925342
[N+]1(C)=CN(CCCCC(CC)CC)(C=C1),-10.810272878000001,-5.020503300000001
[N+]1(C)=CN(CCCCC(C)(C)CC)(C=C1),-10.935989546000002,-5.011251424
[N+]1(C)=CN(CCCC(C)CCCC)(C=C1),-10.933268406,-5.022135984
[N+]1(C)=CN(CCCC(C)CC(C)C)(C=C1),-10.951772158,-5.029755176
[N+]1(C)=CN(CCCC(C)C(C)CC)(C=C1),-10.938438572,-5.0077139420000005
[N+]1(C)=CN(CCCC(C)C(C)(C)C)(C=C1),-11.010548782,-5.015877362
[N+]1(C)=CN(CCCC(CC)CCC)(C=C1),-10.966466314,-5.019686958
[N+]1(C)=CN(CCCC(CC)C(C)C)(C=C1),-10.968643226000001,-5.0077139420000005
[N+]1(C)=CN(CCCC(C)(C)CCC)(C=C1),-11.052454338,-5.007169714000001
[N+]1(C)=CN(CCCC(C)(C)C(C)C)(C=C1),-10.977350874,-5.0096187400000005
[N+]1(C)=CN(CCCC(C)(CC)CC)(C=C1),-11.034766928,-4.99737361
[N+]1(C)=CN(CCC(C)CCCCC)(C=C1),-11.027964078,-5.000366864
[N+]1(C)=CN(CCC(C)CCC(C)C)(C=C1),-11.088917614,-5.002543776
[N+]1(C)=CN(CCC(C)CC(C)CC)(C=C1),-11.202933380000001,-4.970706438000001
[N+]1(C)=CN(CCC(C)CC(C)(C)C)(C=C1),-11.158034570000002,-4.982407340000001
[N+]1(C)=CN(CCC(C)C(C)CCC)(C=C1),-11.2791253,-4.984040024
[N+]1(C)=CN(CCC(C)C(C)C(C)C)(C=C1),-11.13218374,-4.9712506659999995
[N+]1(C)=CN(CCC(C)C(CC)CC)(C=C1),-11.216266966000001,-4.963087246
[N+]1(C)=CN(CCC(C)C(C)(C)CC)(C=C1),-11.227695753999999,-4.984312138
[N+]1(C)=CN(CCC(CC)CCCC)(C=C1),-11.212185256000001,-4.979414086
[N+]1(C)=CN(CCC(CC)CC(C)C)(C=C1),-11.255179268000001,-4.983495796
[N+]1(C)=CN(CCC(CC)C(C)CC)(C=C1),-11.170823928,-4.970706438000001
[N+]1(C)=CN(CCC(CC)C(C)(C)C)(C=C1),-11.424434176,-5.011795652000001
[N+]1(C)=CN(CCC(CCC)CCC)(C=C1),-11.368650806,-4.977237174
[N+]1(C)=CN(CCC(C(C)C)CCC)(C=C1),-11.262526346,-4.970162210000001
[N+]1(C)=CN(CCC(C(C)C)C(C)C)(C=C1),-11.354228764,-5.016693704
[N+]1(C)=CN(CCC(C)(C)CCCC)(C=C1),-11.134632766000001,-4.9796862
[N+]1(C)=CN(CCC(C)(C)CC(C)C)(C=C1),-11.259533092,-4.970706438000001
[N+]1(C)=CN(CCC(C)(C)C(C)CC)(C=C1),-11.264975372,-4.970978552
[N+]1(C)=CN(CCC(C)(C)C(C)(C)C)(C=C1),-11.326201022,-4.978053516
[N+]1(C)=CN(CCC(C)(CC)CCC)(C=C1),-11.395862206,-4.970162210000001
[N+]1(C)=CN(CCC(C)(CC)C(C)C)(C=C1),-11.278853186000001,-4.968801640000001
[N+]1(C)=CN(CCC(CC)(CC)CC)(C=C1),-11.372460402000002,-4.967168956
[N+]1(C)=CN(CC(C)CCCCCC)(C=C1),-10.962656718,-5.042000306
[N+]1(C)=CN(CC(C)CCCC(C)C)(C=C1),-11.064427354000001,-4.966896842000001
[N+]1(C)=CN(CC(C)CCC(C)CC)(C=C1),-11.091910868,-4.95655651
[N+]1(C)=CN(CC(C)CCC(C)(C)C)(C=C1),-11.286200264000001,-4.961182448000001
[N+]1(C)=CN(CC(C)CC(C)CCC)(C=C1),-11.249736988,-5.022680212
[N+]1(C)=CN(CC(C)CC(C)C(C)C)(C=C1),-11.215450624,-5.018598502000001
[N+]1(C)=CN(CC(C)CC(CC)CC)(C=C1),-11.495728044,-4.93342682
[N+]1(C)=CN(CC(C)CC(C)(C)CC)(C=C1),-11.337629810000001,-4.961182448000001
[N+]1(C)=CN(CC(C)C(C)CCCC)(C=C1),-11.485387712000001,-4.932882592
[N+]1(C)=CN(CC(C)C(C)CC(C)C)(C=C1),-11.479401204,-4.932882592
[N+]1(C)=CN(CC(C)C(C)C(C)CC)(C=C1),-11.370555604000002,-4.920909576000001
[N+]1(C)=CN(CC(C)C(C)C(C)(C)C)(C=C1),-11.352323966,-4.944855608
[N+]1(C)=CN(CC(C)C(CC)CCC)(C=C1),-11.472870468,-4.9195490060000004
[N+]1(C)=CN(CC(C)C(CC)C(C)C)(C=C1),-11.359126816,-4.912474042
[N+]1(C)=CN(CC(C)C(C)(C)CCC)(C=C1),-11.607839012000001,-4.996829382
[N+]1(C)=CN(CC(C)C(C)(C)C(C)C)(C=C1),-11.438856218000002,-4.917372094
[N+]1(C)=CN(CC(C)C(C)(CC)CC)(C=C1),-11.467972416,-4.98512848
[N+]1(C)=CN(CC(CC)CCCCC)(C=C1),-11.213273712000001,-4.939957556
[N+]1(C)=CN(CC(CC)CCC(C)C)(C=C1),-11.37028349,-4.937508530000001
[N+]1(C)=CN(CC(CC)CC(C)CC)(C=C1),-11.390147812,-4.927440312
[N+]1(C)=CN(CC(CC)CC(C)(C)C)(C=C1),-11.487292510000001,-5.027850378
[N+]1(C)=CN(CC(CC)C(C)CCC)(C=C1),-11.65464262,-4.922270146
[N+]1(C)=CN(CC(CC)C(C)C(C)C)(C=C1),-11.546613362,-4.913834612
[N+]1(C)=CN(CC(CC)C(CC)CC)(C=C1),-11.485659826000001,-4.921181690000001
[N+]1(C)=CN(CC(CC)C(C)(C)CC)(C=C1),-11.606478442,-4.901045254
[N+]1(C)=CN(CC(CCC)CCCC)(C=C1),-11.561851746,-4.921181690000001
[N+]1(C)=CN(CC(CCC)CC(C)C)(C=C1),-11.674779056,-4.917372094
[N+]1(C)=CN(CC(CCC)C(C)CC)(C=C1),-11.699269316,-4.90621542
[N+]1(C)=CN(CC(C(C)C)CCCC)(C=C1),-11.648928226,-4.916827866
[N+]1(C)=CN(CC(C(C)C)CC(C)C)(C=C1),-11.667704092000001,-4.917644208
[N+]1(C)=CN(CC(C(C)C)C(C)CC)(C=C1),-11.667976206,-4.896419316
[N+]1(C)=CN(CC(C(C)C)C(C)(C)C)(C=C1),-11.639404236,-4.91301827
[N+]1(C)=CN(CC(CCC)C(C)(C)C)(C=C1),-11.663894496000001,-4.905671192
[N+]1(C)=CN(CC(C)(C)CCCCC)(C=C1),-11.227695753999999,-4.953563256000001
[N+]1(C)=CN(CC(C)(C)CCC(C)C)(C=C1),-11.297356938,-4.968257412
[N+]1(C)=CN(CC(C)(C)CC(C)CC)(C=C1),-11.282390668,-4.964447816
[N+]1(C)=CN(CC(C)(C)CC(C)(C)C)(C=C1),-11.490557878,-4.957644966
[N+]1(C)=CN(CC(C)(C)C(C)CCC)(C=C1),-11.344704774,-4.931522022
[N+]1(C)=CN(CC(C)(C)C(C)C(C)C)(C=C1),-11.559402720000001,-4.886623212
[N+]1(C)=CN(CC(C)(C)C(CC)CC)(C=C1),-11.548790274,-4.931794136000001
[N+]1(C)=CN(CC(C)(C)C(C)(C)CC)(C=C1),-11.553688326000001,-4.914650954
[N+]1(C)=CN(CC(C)(CC)CCCC)(C=C1),-11.582260296000001,-4.9247191720000005
[N+]1(C)=CN(CC(C)(CC)CC(C)C)(C=C1),-11.593144856,-4.940773898000001
[N+]1(C)=CN(CC(C)(CC)C(C)CC)(C=C1),-11.56756614,-4.891793378000001
[N+]1(C)=CN(CC(C)(CC)C(C)(C)C)(C=C1),-11.662533926000002,-4.891793378000001
[N+]1(C)=CN(CC(C)(CCC)CCC)(C=C1),-11.757501712000002,-4.920909576000001
[N+]1(C)=CN(CC(C)(C(C)C)CCC)(C=C1),-11.648928226,-4.889344352
[N+]1(C)=CN(CC(C)(C(C)C)C(C)C)(C=C1),-11.505252034000002,-4.9157394100000005
[N+]1(C)=CN(CC(CC)(CC)CCC)(C=C1),-11.787162138000001,-4.896147202000001
[N+]1(C)=CN(CC(CC)(CC)C(C)C)(C=C1),-11.713419244,-4.894514518
[N+]1(C)=CN(C(C)CCCCCCC)(C=C1),-10.975446075999999,-4.968529526
[N+]1(C)=CN(C(C)CCCCC(C)C)(C=C1),-11.109054050000001,-4.961998790000001
[N+]1(C)=CN(C(C)CCCC(C)CC)(C=C1),-11.15939514,-4.959549764
[N+]1(C)=CN(C(C)CCCC(C)(C)C)(C=C1),-11.568382482,-4.927440312
[N+]1(C)=CN(C(C)CCC(C)CCC)(C=C1),-11.342255748000001,-4.953291142
[N+]1(C)=CN(C(C)CCC(C)C(C)C)(C=C1),-11.29817328,-4.943222924
[N+]1(C)=CN(C(C)CCC(CC)CC)(C=C1),-11.384977646,-4.922814374
[N+]1(C)=CN(C(C)CCC(C)(C)CC)(C=C1),-11.360215272000001,-4.889344352
[N+]1(C)=CN(C(C)CC(C)CCCC)(C=C1),-11.279941642,-4.9527469140000004
[N+]1(C)=CN(C(C)CC(C)CC(C)C)(C=C1),-11.405114082,-4.945399836000001
[N+]1(C)=CN(C(C)CC(C)C(C)CC)(C=C1),-11.456815742000002,-4.9361479600000004
[N+]1(C)=CN(C(C)CC(C)C(C)(C)C)(C=C1),-11.654914734000002,-4.900501026000001
[N+]1(C)=CN(C(C)CC(CC)CCC)(C=C1),-11.638043666000002,-4.86811946
[N+]1(C)=CN(C(C)CC(CC)C(C)C)(C=C1),-11.554504668,-4.856690672
[N+]1(C)=CN(C(C)CC(C)(C)CCC)(C=C1),-11.448924436,-4.87764345
[N+]1(C)=CN(C(C)CC(C)(C)C(C)C)(C=C1),-11.397222776,-4.879276134
[N+]1(C)=CN(C(C)CC(C)(CC)CC)(C=C1),-11.472054126000002,-4.85859547
[N+]1(C)=CN(C(C)C(C)CCCCC)(C=C1),-11.618995686,-4.861588724000001
[N+]1(C)=CN(C(C)C(C)CCC(C)C)(C=C1),-11.812196626,-4.796553478000001
[N+]1(C)=CN(C(C)C(C)CC(C)CC)(C=C1),-11.704167368,-4.837098464
[N+]1(C)=CN(C(C)C(C)CC(C)(C)C)(C=C1),-11.570015166000001,-4.843084972
[N+]1(C)=CN(C(C)C(C)C(C)CCC)(C=C1),-11.810291828,-4.875738652000001
[N+]1(C)=CN(C(C)C(C)C(C)C(C)C)(C=C1),-11.516136594,-4.844989770000001
[N+]1(C)=CN(C(C)C(C)C(CC)CC)(C=C1),-11.573552648,-4.889072238
[N+]1(C)=CN(C(C)C(C)C(C)(C)CC)(C=C1),-11.618179344000001,-4.893426062
[N+]1(C)=CN(C(C)C(CC)CCCC)(C=C1),-11.802944750000002,-4.834921552
[N+]1(C)=CN(C(C)C(CC)CC(C)C)(C=C1),-11.613009178,-4.899956798000001
[N+]1(C)=CN(C(C)C(CC)C(C)CC)(C=C1),-11.666071408,-4.8327446400000005
[N+]1(C)=CN(C(C)C(CC)C(C)(C)C)(C=C1),-11.747705608,-4.836010008
[N+]1(C)=CN(C(C)C(CCC)CCC)(C=C1),-11.734099908000001,-4.905943306
[N+]1(C)=CN(C(C)C(C(C)C)CCC)(C=C1),-11.710698104,-4.896419316
[N+]1(C)=CN(C(C)C(C(C)C)C(C)C)(C=C1),-11.72947397,-4.838186920000001
[N+]1(C)=CN(C(C)C(C)(C)CCCC)(C=C1),-11.678860766000001,-4.822132194000001
[N+]1(C)=CN(C(C)C(C)(C)CC(C)C)(C=C1),-11.660357014,-4.8164178
[N+]1(C)=CN(C(C)C(C)(C)C(C)CC)(C=C1),-11.755596914,-4.828390816
[N+]1(C)=CN(C(C)C(C)(C)C(C)(C)C)(C=C1),-11.724848032,-4.821315852000001
[N+]1(C)=CN(C(C)C(C)(CC)CCC)(C=C1),-11.766481474,-4.788117944000001
[N+]1(C)=CN(C(C)C(C)(CC)C(C)C)(C=C1),-11.767025702,-4.8147851159999995
[N+]1(C)=CN(C(C)C(CC)(CC)CC)(C=C1),-11.785801568,-4.790022742
[N+]1(C)=CN(C(CC)CCCCCC)(C=C1),-11.24511105,-4.9524748
[N+]1(C)=CN(C(CC)CCCC(C)C)(C=C1),-11.418991896000001,-4.950842116
[N+]1(C)=CN(C(CC)CCC(C)CC)(C=C1),-11.511238542000001,-4.930433566
[N+]1(C)=CN(C(CC)CCC(C)(C)C)(C=C1),-11.742263328000002,-4.928256654
[N+]1(C)=CN(C(CC)CC(C)CCC)(C=C1),-11.706344280000001,-4.916283638
[N+]1(C)=CN(C(CC)CC(C)C(C)C)(C=C1),-11.675595398,-4.899684684
[N+]1(C)=CN(C(CC)CC(CC)CC)(C=C1),-11.65192148,-4.874378082000001
[N+]1(C)=CN(C(CC)CC(C)(C)CC)(C=C1),-11.558858492,-4.843084972
[N+]1(C)=CN(C(CC)C(C)CCCC)(C=C1),-11.862265602,-4.833016754
[N+]1(C)=CN(C(CC)C(C)CC(C)C)(C=C1),-11.86280983,-4.833833096
[N+]1(C)=CN(C(CC)C(C)C(C)CC)(C=C1),-11.708521192000001,-4.894514518
[N+]1(C)=CN(C(CC)C(C)C(C)(C)C)(C=C1),-11.823897528000002,-4.8991404560000005
[N+]1(C)=CN(C(CC)C(CC)CCC)(C=C1),-11.712602902,-4.897235658
[N+]1(C)=CN(C(CC)C(CC)C(C)C)(C=C1),-11.8505647,-4.889344352
[N+]1(C)=CN(C(CC)C(C)(C)CCC)(C=C1),-11.795597672,-4.8455339980000005
[N+]1(C)=CN(C(CC)C(C)(C)C(C)C)(C=C1),-11.687840528,-4.80961495
[N+]1(C)=CN(C(CC)C(C)(CC)CC)(C=C1),-11.812196626,-4.812063976
[N+]1(C)=CN(C(CCC)CCCCC)(C=C1),-11.587974690000001,-4.898596228000001
[N+]1(C)=CN(C(CCC)CCC(C)C)(C=C1),-11.851381042,-4.858051242
[N+]1(C)=CN(C(CCC)CC(C)CC)(C=C1),-11.823897528000002,-4.82866293
[N+]1(C)=CN(C(CCC)CC(C)(C)C)(C=C1),-11.85464641,-4.8493435940000005
[N+]1(C)=CN(C(CCC)C(C)CCC)(C=C1),-11.851653156,-4.8351936659999994
[N+]1(C)=CN(C(CCC)C(C)C(C)C)(C=C1),-11.907708640000001,-4.8251254480000005
[N+]1(C)=CN(C(CCC)C(CC)CC)(C=C1),-11.860360804,-4.884174186
[N+]1(C)=CN(C(CCC)C(C)(C)CC)(C=C1),-11.836414772,-4.809342836000001
[N+]1(C)=CN(C(CCCC)CCCC)(C=C1),-11.820360046000001,-4.8953308600000005
[N+]1(C)=CN(C(CC(C)C)CCCC)(C=C1),-11.866347312,-4.885534756
[N+]1(C)=CN(C(CC(C)C)CC(C)C)(C=C1),-11.874510732000001,-4.872201169999999
[N+]1(C)=CN(C(CC(C)C)C(C)CC)(C=C1),-11.823081186,-4.810159178
[N+]1(C)=CN(C(C(C)C)CCCCC)(C=C1),-11.746617152,-4.90621542
[N+]1(C)=CN(C(C(C)C)CCC(C)C)(C=C1),-11.864986742,-4.902405824
[N+]1(C)=CN(C(C(C)C)CC(C)CC)(C=C1),-11.854918524,-4.795192908
[N+]1(C)=CN(C(C(C)C)CC(C)(C)C)(C=C1),-11.848115674,-4.7995467320000005
[N+]1(C)=CN(C(C(C)C)C(C)CCC)(C=C1),-11.830972492,-4.783492006
[N+]1(C)=CN(C(C(C)C)C(C)C(C)C)(C=C1),-11.847299332,-4.8300235
[N+]1(C)=CN(C(C(C)C)C(CC)CC)(C=C1),-11.83831957,-4.820227396
[N+]1(C)=CN(C(C(C)C)C(C)(C)CC)(C=C1),-11.796686128000001,-4.76879785
[N+]1(C)=CN(C(C(C)CC)CCCC)(C=C1),-11.8233533,-4.79056697
[N+]1(C)=CN(C(C(C)CC)C(C)CC)(C=C1),-11.835326316,-4.827030246
[N+]1(C)=CN(C(C(C)(C)C)CCCC)(C=C1),-11.833965746,-4.825397562
[N+]1(C)=CN(C(C(C)(C)C)CC(C)C)(C=C1),-11.840496482,-4.833288868
[N+]1(C)=CN(C(C(C)(C)C)C(C)CC)(C=C1),-11.811652398000001,-4.7663488240000005
[N+]1(C)=CN(C(C(C)(C)C)C(C)(C)C)(C=C1),-11.80566589,-4.78784583
[N+]1(C)=CN(C(C)(C)CCCCCC)(C=C1),-11.112047304,-4.796281364
[N+]1(C)=CN(C(C)(C)CCCC(C)C)(C=C1),-11.281302212,-4.79600925
[N+]1(C)=CN(C(C)(C)CCC(C)CC)(C=C1),-11.361303728000001,-4.785941032
[N+]1(C)=CN(C(C)(C)CCC(C)(C)C)(C=C1),-11.81791102,-4.796553478000001
[N+]1(C)=CN(C(C)(C)CC(C)CCC)(C=C1),-11.54171531,-4.771246876
[N+]1(C)=CN(C(C)(C)CC(C)C(C)C)(C=C1),-11.529742294,-4.776144928000001
[N+]1(C)=CN(C(C)(C)CC(CC)CC)(C=C1),-11.49545593,-4.762811342
[N+]1(C)=CN(C(C)(C)CC(C)(C)CC)(C=C1),-11.642669604000002,-4.814240888
[N+]1(C)=CN(C(C)(C)C(C)CCCC)(C=C1),-11.662261812,-4.816962028000001
[N+]1(C)=CN(C(C)(C)C(C)CC(C)C)(C=C1),-11.627975447999999,-4.826758132
[N+]1(C)=CN(C(C)(C)C(C)C(C)CC)(C=C1),-11.664438724,-4.794104452
[N+]1(C)=CN(C(C)(C)C(C)C(C)(C)C)(C=C1),-11.700357772,-4.803900556
[N+]1(C)=CN(C(C)(C)C(CC)CCC)(C=C1),-11.73219511,-4.819683168
[N+]1(C)=CN(C(C)(C)C(CC)C(C)C)(C=C1),-11.69954143,-4.772607446
[N+]1(C)=CN(C(C)(C)C(C)(C)CCC)(C=C1),-11.731106654,-4.751926782
[N+]1(C)=CN(C(C)(C)C(C)(C)C(C)C)(C=C1),-11.689201098,-4.726075952
[N+]1(C)=CN(C(C)(C)C(C)(CC)CC)(C=C1),-11.763216106000002,-4.734239372
[N+]1(C)=CN(C(C)(CC)CCCCC)(C=C1),-11.582804524,-4.865126206
[N+]1(C)=CN(C(C)(CC)CCC(C)C)(C=C1),-11.688112642000002,-4.820771624000001
[N+]1(C)=CN(C(C)(CC)CC(C)CC)(C=C1),-11.689201098,-4.79464868
[N+]1(C)=CN(C(C)(CC)CC(C)(C)C)(C=C1),-11.845394534,-4.746756616000001
[N+]1(C)=CN(C(C)(CC)C(C)CCC)(C=C1),-11.720766322000001,-4.827574474
[N+]1(C)=CN(C(C)(CC)C(C)C(C)C)(C=C1),-11.75804594,-4.8028121
[N+]1(C)=CN(C(C)(CC)C(CC)CC)(C=C1),-11.772740096000001,-4.704306832
[N+]1(C)=CN(C(C)(CC)C(C)(C)CC)(C=C1),-11.733011452000001,-4.735872056
[N+]1(C)=CN(C(C)(CCC)CCCC)(C=C1),-11.753692116,-4.803084214
[N+]1(C)=CN(C(C)(CCC)CC(C)C)(C=C1),-11.770835298000002,-4.796553478000001
[N+]1(C)=CN(C(C)(CCC)C(C)CC)(C=C1),-11.766481474,-4.813696660000001
[N+]1(C)=CN(C(C)(C(C)C)CCCC)(C=C1),-11.787162138000001,-4.767165166000001
[N+]1(C)=CN(C(C)(C(C)C)CC(C)C)(C=C1),-11.699269316,-4.667027214
[N+]1(C)=CN(C(C)(C(C)C)C(C)CC)(C=C1),-11.753420002,-4.746212388
[N+]1(C)=CN(C(C)(C(C)C)C(C)(C)C)(C=C1),-11.739814302,-4.7483892999999995
[N+]1(C)=CN(C(C)(CCC)C(C)(C)C)(C=C1),-11.780359288000001,-4.717368304
[N+]1(C)=CN(C(CC)(CC)CCCC)(C=C1),-11.851108928,-4.73750474
[N+]1(C)=CN(C(CC)(CC)CC(C)C)(C=C1),-11.800495724000001,-4.742947020000001
[N+]1(C)=CN(C(CC)(CC)C(C)CC)(C=C1),-11.7281134,-4.765260368
[N+]1(C)=CN(C(CC)(CC)C(C)(C)C)(C=C1),-11.738725846000001,-4.680905028000001
[N+]1(C)=CN(C(CC)(CCC)CCC)(C=C1),-11.742263328000002,-4.6939665
[N+]1(C)=CN(C(CC)(C(C)C)CCC)(C=C1),-11.780631402,-4.708660656
[N+]1(C)=CN(C(CC)(C(C)C)C(C)C)(C=C1),-11.694371263999999,-4.769886306
[N+]1(C)=CN(CCCCCCCCCC)(C=C1),-10.438565154,-5.036285912
[N+]1(C)=CN(CCCCCCCC(C)C)(C=C1),-10.531628142,-5.01914273
[N+]1(C)=CN(CCCCCCC(C)CC)(C=C1),-10.525097406,-5.01506102
[N+]1(C)=CN(CCCCCCC(C)(C)C)(C=C1),-10.716665662,-5.014516792
[N+]1(C)=CN(CCCCCC(C)CCC)(C=C1),-10.654351556,-5.011795652000001
[N+]1(C)=CN(CCCCCC(C)C(C)C)(C=C1),-10.615711368000001,-5.0153331340000005
[N+]1(C)=CN(CCCCCC(CC)CC)(C=C1),-10.654895784,-5.01233988
[N+]1(C)=CN(CCCCCC(C)(C)CC)(C=C1),-10.652718872,-5.017510046
[N+]1(C)=CN(CCCCC(C)CCCC)(C=C1),-10.788231644,-5.0068976
[N+]1(C)=CN(CCCCC(C)CC(C)C)(C=C1),-10.762925042,-5.00553703
[N+]1(C)=CN(CCCCC(C)C(C)CC)(C=C1),-10.75938756,-5.007169714000001
[N+]1(C)=CN(CCCCC(C)C(C)(C)C)(C=C1),-10.654623670000001,-5.021319642
[N+]1(C)=CN(CCCCC(CC)CCC)(C=C1),-10.739251124,-5.003360118000001
[N+]1(C)=CN(CCCCC(CC)C(C)C)(C=C1),-10.614350798,-5.019686958
[N+]1(C)=CN(CCCCC(C)(C)CCC)(C=C1),-10.81244979,-4.996829382
[N+]1(C)=CN(CCCCC(C)(C)C(C)C)(C=C1),-10.755305850000001,-5.00553703
[N+]1(C)=CN(CCCCC(C)(CC)CC)(C=C1),-10.799932546,-5.000638978
[N+]1(C)=CN(CCCC(C)CCCCC)(C=C1),-10.713944522,-5.020775414
[N+]1(C)=CN(CCCC(C)CCC(C)C)(C=C1),-10.754761622000002,-5.014244678
[N+]1(C)=CN(CCCC(C)CC(C)CC)(C=C1),-10.672855308,-5.0210475279999995
[N+]1(C)=CN(CCCC(C)CC(C)(C)C)(C=C1),-10.814626702,-5.003904346000001
[N+]1(C)=CN(CCCC(C)C(C)CCC)(C=C1),-10.863607222,-5.0077139420000005
[N+]1(C)=CN(CCCC(C)C(C)C(C)C)(C=C1),-10.781428794,-4.997917838
[N+]1(C)=CN(CCCC(C)C(CC)CC)(C=C1),-10.772721146,-5.00145532
[N+]1(C)=CN(CCCC(C)C(C)(C)CC)(C=C1),-10.807551738,-5.011795652000001
[N+]1(C)=CN(CCCC(CC)CCCC)(C=C1),-10.822518008000001,-5.001999548000001
[N+]1(C)=CN(CCCC(CC)CC(C)C)(C=C1),-10.974629734,-4.999278408
[N+]1(C)=CN(CCCC(CC)C(C)CC)(C=C1),-10.746053974,-4.993836128
[N+]1(C)=CN(CCCC(CC)C(C)(C)C)(C=C1),-10.79884409,-5.001999548000001
[N+]1(C)=CN(CCCC(CCC)CCC)(C=C1),-11.123748206,-4.985944822
[N+]1(C)=CN(CCCC(C(C)C)CCC)(C=C1),-11.021161228,-4.99465247
[N+]1(C)=CN(CCCC(C(C)C)C(C)C)(C=C1),-11.039392866,-4.973971806000001
[N+]1(C)=CN(CCCC(C)(C)CCCC)(C=C1),-10.837484278000002,-5.00145532
[N+]1(C)=CN(CCCC(C)(C)CC(C)C)(C=C1),-10.897349358,-4.997101496
[N+]1(C)=CN(CCCC(C)(C)C(C)CC)(C=C1),-10.858709170000001,-4.991659216
[N+]1(C)=CN(CCCC(C)(C)C(C)(C)C)(C=C1),-10.895716674,-4.99737361
[N+]1(C)=CN(CCCC(C)(CC)CCC)(C=C1),-11.004834388,-5.003360118000001
[N+]1(C)=CN(CCCC(C)(CC)C(C)C)(C=C1),-10.83966119,-4.994380356000001
[N+]1(C)=CN(CCCC(CC)(CC)CC)(C=C1),-10.876940808,-4.986761164000001
[N+]1(C)=CN(CCC(C)CCCCCC)(C=C1),-10.791224898,-4.990570760000001
[N+]1(C)=CN(CCC(C)CCCC(C)C)(C=C1),-10.827143946000001,-4.998462066
[N+]1(C)=CN(CCC(C)CCC(C)CC)(C=C1),-10.825239148000001,-4.995468812
[N+]1(C)=CN(CCC(C)CCC(C)(C)C)(C=C1),-10.953676956,-4.996829382
[N+]1(C)=CN(CCC(C)CC(C)CCC)(C=C1),-10.936533774,-4.983223682
[N+]1(C)=CN(CCC(C)CC(C)C(C)C)(C=C1),-10.842654444,-4.988393848
[N+]1(C)=CN(CCC(C)CC(CC)CC)(C=C1),-10.884287886000001,-4.981590998000001
[N+]1(C)=CN(CCC(C)CC(C)(C)CC)(C=C1),-10.832858340000001,-4.978597744000001
[N+]1(C)=CN(CCC(C)C(C)CCCC)(C=C1),-11.132727968,-4.983223682
[N+]1(C)=CN(CCC(C)C(C)CC(C)C)(C=C1),-11.110686734000002,-4.980230428
[N+]1(C)=CN(CCC(C)C(C)C(C)CC)(C=C1),-10.923200188000001,-4.965264158
[N+]1(C)=CN(CCC(C)C(C)C(C)(C)C)(C=C1),-11.03286213,-4.9579170800000005
[N+]1(C)=CN(CCC(C)C(CC)CCC)(C=C1),-11.083475334000001,-4.978869858
[N+]1(C)=CN(CCC(C)C(CC)C(C)C)(C=C1),-11.057896618000001,-4.958461308
[N+]1(C)=CN(CCC(C)C(C)(C)CCC)(C=C1),-11.175177752,-4.979414086
[N+]1(C)=CN(CCC(C)C(C)(C)C(C)C)(C=C1),-11.024698710000001,-4.972067008
[N+]1(C)=CN(CCC(C)C(C)(CC)CC)(C=C1),-11.033678472,-4.977781402000001
[N+]1(C)=CN(CCC(CC)CCCCC)(C=C1),-10.990140232000002,-4.977509288
[N+]1(C)=CN(CCC(CC)CCC(C)C)(C=C1),-11.051637996,-4.9660805
[N+]1(C)=CN(CCC(CC)CC(C)CC)(C=C1),-10.96483363,-4.982951568000001
[N+]1(C)=CN(CCC(CC)CC(C)(C)C)(C=C1),-11.003201704,-4.985944822
[N+]1(C)=CN(CCC(CC)C(C)CCC)(C=C1),-11.247015848,-4.956012282
[N+]1(C)=CN(CCC(CC)C(C)C(C)C)(C=C1),-11.004562274,-4.9655362720000005
[N+]1(C)=CN(CCC(CC)C(CC)CC)(C=C1),-10.977350874,-4.964992044000001
[N+]1(C)=CN(CCC(CC)C(C)(C)CC)(C=C1),-11.136809678,-4.964447816
[N+]1(C)=CN(CCC(CCC)CCCC)(C=C1),-11.210552572000001,-4.968801640000001
[N+]1(C)=CN(CCC(CCC)CC(C)C)(C=C1),-11.1838854,-4.96744107
[N+]1(C)=CN(CCC(CCC)C(C)CC)(C=C1),-11.160483596,-4.977781402000001
[N+]1(C)=CN(CCC(C(C)C)CCCC)(C=C1),-11.166742218000001,-4.967713184
[N+]1(C)=CN(CCC(C(C)C)CC(C)C)(C=C1),-11.168102788,-4.968801640000001
[N+]1(C)=CN(CCC(C(C)C)C(C)CC)(C=C1),-11.146877896000001,-4.941862354
[N+]1(C)=CN(CCC(C(C)C)C(C)(C)C)(C=C1),-11.34851437,-4.9489373180000005
[N+]1(C)=CN(CCC(CCC)C(C)(C)C)(C=C1),-11.075584028,-4.9783256300000005
[N+]1(C)=CN(CCC(C)(C)CCCCC)(C=C1),-10.991228688,-4.966624728
[N+]1(C)=CN(CCC(C)(C)CCC(C)C)(C=C1),-10.95803078,-4.975060262
[N+]1(C)=CN(CCC(C)(C)CC(C)CC)(C=C1),-10.995582512,-4.9660805
[N+]1(C)=CN(CCC(C)(C)CC(C)(C)C)(C=C1),-11.307153042000001,-4.9361479600000004
[N+]1(C)=CN(CCC(C)(C)C(C)CCC)(C=C1),-10.961568262000002,-4.963903588
[N+]1(C)=CN(CCC(C)(C)C(C)C(C)C)(C=C1),-11.081026308000002,-4.94295081
[N+]1(C)=CN(CCC(C)(C)C(CC)CC)(C=C1),-11.082114764,-4.951658458
[N+]1(C)=CN(CCC(C)(C)C(C)(C)CC)(C=C1),-11.102795428,-4.955468054
[N+]1(C)=CN(CCC(C)(CC)CCCC)(C=C1),-11.160211482000001,-4.962815132
[N+]1(C)=CN(CCC(C)(CC)CC(C)C)(C=C1),-11.104972340000002,-4.960910334
[N+]1(C)=CN(CCC(C)(CC)C(C)CC)(C=C1),-11.149871150000001,-4.957372852000001
[N+]1(C)=CN(CCC(C)(CC)C(C)(C)C)(C=C1),-11.173545068,-4.936692188
[N+]1(C)=CN(CCC(C)(CCC)CCC)(C=C1),-11.284567580000001,-4.951386344
[N+]1(C)=CN(CCC(C)(C(C)C)CCC)(C=C1),-11.17708255,-4.950297888000001
[N+]1(C)=CN(CCC(C)(C(C)C)C(C)C)(C=C1),-10.988235434,-4.961182448000001
[N+]1(C)=CN(CCC(CC)(CC)CCC)(C=C1),-11.301982876,-4.954379598
[N+]1(C)=CN(CCC(CC)(CC)C(C)C)(C=C1),-11.046739944,-4.946216178
[N+]1(C)=CN(CC(C)CCCCCCC)(C=C1),-10.727550222000001,-5.040639736
[N+]1(C)=CN(CC(C)CCCCC(C)C)(C=C1),-10.790136442,-5.037374368
[N+]1(C)=CN(CC(C)CCCC(C)CC)(C=C1),-10.824967034,-5.03683014
[N+]1(C)=CN(CC(C)CCCC(C)(C)C)(C=C1),-11.204838178000001,-4.939413328
[N+]1(C)=CN(CC(C)CCC(C)CCC)(C=C1),-10.984425838,-5.030843632
[N+]1(C)=CN(CC(C)CCC(C)C(C)C)(C=C1),-10.89272342,-4.954107484000001
[N+]1(C)=CN(CC(C)CCC(CC)CC)(C=C1),-10.922111732000001,-4.953019028
[N+]1(C)=CN(CC(C)CCC(C)(C)CC)(C=C1),-10.94578565,-5.022680212
[N+]1(C)=CN(CC(C)CC(C)CCCC)(C=C1),-11.03014099,-5.0210475279999995
[N+]1(C)=CN(CC(C)CC(C)CC(C)C)(C=C1),-11.075311914,-5.020503300000001
[N+]1(C)=CN(CC(C)CC(C)C(C)CC)(C=C1),-11.086740702,-5.013156222
[N+]1(C)=CN(CC(C)CC(C)C(C)(C)C)(C=C1),-11.158306684,-5.012067766
[N+]1(C)=CN(CC(C)CC(CC)CCC)(C=C1),-11.543620108,-4.865126206
[N+]1(C)=CN(CC(C)CC(CC)C(C)C)(C=C1),-11.287560834,-4.906759648
[N+]1(C)=CN(CC(C)CC(C)(C)CCC)(C=C1),-11.328922162,-5.03955128
[N+]1(C)=CN(CC(C)CC(C)(C)C(C)C)(C=C1),-11.253002356000001,-4.940773898000001
[N+]1(C)=CN(CC(C)CC(C)(CC)CC)(C=C1),-11.275859932000001,-4.9660805
[N+]1(C)=CN(CC(C)C(C)CCCCC)(C=C1),-11.202933380000001,-4.923358602
[N+]1(C)=CN(CC(C)C(C)CCC(C)C)(C=C1),-11.307425156,-4.915467296
[N+]1(C)=CN(CC(C)C(C)CC(C)CC)(C=C1),-11.192865162,-4.916283638
[N+]1(C)=CN(CC(C)C(C)CC(C)(C)C)(C=C1),-11.134360652,-4.927440312
[N+]1(C)=CN(CC(C)C(C)C(C)CCC)(C=C1),-11.294635798,-4.913834612
[N+]1(C)=CN(CC(C)C(C)C(C)C(C)C)(C=C1),-11.098985832,-4.914106726
[N+]1(C)=CN(CC(C)C(C)C(CC)CC)(C=C1),-11.368378692,-4.911113472
[N+]1(C)=CN(CC(C)C(C)C(C)(C)CC)(C=C1),-11.134632766000001,-4.939413328
[N+]1(C)=CN(CC(C)C(CC)CCCC)(C=C1),-11.370555604000002,-4.911113472
[N+]1(C)=CN(CC(C)C(CC)CC(C)C)(C=C1),-11.386066102000001,-4.985944822
[N+]1(C)=CN(CC(C)C(CC)C(C)CC)(C=C1),-11.15123172,-4.9119298140000005
[N+]1(C)=CN(CC(C)C(CC)C(C)(C)C)(C=C1),-11.276132046,-4.93206625
[N+]1(C)=CN(CC(C)C(CCC)CCC)(C=C1),-11.279669528000001,-5.0477147
[N+]1(C)=CN(CC(C)C(C(C)C)CCC)(C=C1),-11.372188288,-4.899956798000001
[N+]1(C)=CN(CC(C)C(C(C)C)C(C)C)(C=C1),-11.3471538,-4.901045254
[N+]1(C)=CN(CC(C)C(C)(C)CCCC)(C=C1),-11.447563866000001,-4.986761164000001
[N+]1(C)=CN(CC(C)C(C)(C)CC(C)C)(C=C1),-11.241845682000001,-4.91437884
[N+]1(C)=CN(CC(C)C(C)(C)C(C)CC)(C=C1),-11.363208526000001,-4.890977036000001
[N+]1(C)=CN(CC(C)C(C)(C)C(C)(C)C)(C=C1),-11.226879412,-4.9195490060000004
[N+]1(C)=CN(CC(C)C(C)(CC)CCC)(C=C1),-11.346337458,-4.969617982
[N+]1(C)=CN(CC(C)C(C)(CC)C(C)C)(C=C1),-11.244566822,-4.909208674
[N+]1(C)=CN(CC(C)C(CC)(CC)CC)(C=C1),-11.312323208,-4.967168956
[N+]1(C)=CN(CC(CC)CCCCCC)(C=C1),-10.932724178,-4.93478739
[N+]1(C)=CN(CC(CC)CCCC(C)C)(C=C1),-11.044018804,-4.933971048
[N+]1(C)=CN(CC(CC)CCC(C)CC)(C=C1),-11.07095809,-4.931794136000001
[N+]1(C)=CN(CC(CC)CCC(C)(C)C)(C=C1),-11.24102934,-4.933154706000001
[N+]1(C)=CN(CC(CC)CC(C)CCC)(C=C1),-11.221437132000002,-4.916011524
[N+]1(C)=CN(CC(CC)CC(C)C(C)C)(C=C1),-11.163748964000002,-4.914923068
[N+]1(C)=CN(CC(CC)CC(CC)CC)(C=C1),-11.286472378000001,-4.9119298140000005
[N+]1(C)=CN(CC(CC)CC(C)(C)CC)(C=C1),-11.287288720000001,-5.001999548000001
[N+]1(C)=CN(CC(CC)C(C)CCCC)(C=C1),-11.449468664000001,-4.908392332000001
[N+]1(C)=CN(CC(CC)C(C)CC(C)C)(C=C1),-11.462258022,-4.908392332000001
[N+]1(C)=CN(CC(CC)C(C)C(C)CC)(C=C1),-11.31041841,-4.883902072000001
[N+]1(C)=CN(CC(CC)C(C)C(C)(C)C)(C=C1),-11.352323966,-4.89941257
[N+]1(C)=CN(CC(CC)C(CC)CCC)(C=C1),-11.467700302,-4.954923826
[N+]1(C)=CN(CC(CC)C(CC)C(C)C)(C=C1),-11.168102788,-4.894242404
[N+]1(C)=CN(CC(CC)C(C)(C)CCC)(C=C1),-11.513959682000001,-4.888800123999999
[N+]1(C)=CN(CC(CC)C(C)(C)C(C)C)(C=C1),-11.373276744,-4.883629958
[N+]1(C)=CN(CC(CC)C(C)(CC)CC)(C=C1),-11.411644818000001,-4.941590240000001
[N+]1(C)=CN(CC(CCC)CCCCC)(C=C1),-11.214906396,-4.912746156000001
[N+]1(C)=CN(CC(CCC)CCC(C)C)(C=C1),-11.354772992000001,-4.914923068
[N+]1(C)=CN(CC(CCC)CC(C)CC)(C=C1),-11.364569096,-4.901589482
[N+]1(C)=CN(CC(CCC)CC(C)(C)C)(C=C1),-11.494367474,-4.900501026000001
[N+]1(C)=CN(CC(CCC)C(C)CCC)(C=C1),-11.6464792,-4.893698176
[N+]1(C)=CN(CC(CCC)C(C)C(C)C)(C=C1),-11.520490418000001,-4.893153948
[N+]1(C)=CN(CC(CCC)C(CC)CC)(C=C1),-11.48048966,-4.89124915
[N+]1(C)=CN(CC(CCC)C(C)(C)CC)(C=C1),-11.444570612000001,-4.884990528
[N+]1(C)=CN(CC(CCCC)CCCC)(C=C1),-11.550422958,-4.907575990000001
[N+]1(C)=CN(CC(CC(C)C)CCCC)(C=C1),-11.558858492,-4.898324114
[N+]1(C)=CN(CC(CC(C)C)CC(C)C)(C=C1),-11.608927468000001,-4.895058746
[N+]1(C)=CN(CC(CC(C)C)C(C)CC)(C=C1),-11.5784507,-4.842540744000001
[N+]1(C)=CN(CC(C(C)C)CCCCC)(C=C1),-11.424978404,-4.911385586000001
[N+]1(C)=CN(CC(C(C)C)CCC(C)C)(C=C1),-11.451101348000002,-4.912746156000001
[N+]1(C)=CN(CC(C(C)C)CC(C)CC)(C=C1),-11.405930424,-4.903222166
[N+]1(C)=CN(CC(C(C)C)CC(C)(C)C)(C=C1),-11.55259987,-4.909208674
[N+]1(C)=CN(CC(C(C)C)C(C)CCC)(C=C1),-11.606750556,-4.877915564
[N+]1(C)=CN(CC(C(C)C)C(C)C(C)C)(C=C1),-11.385793988000001,-4.900501026000001
[N+]1(C)=CN(CC(C(C)C)C(CC)CC)(C=C1),-11.478856976,-4.917916322
[N+]1(C)=CN(CC(C(C)C)C(C)(C)CC)(C=C1),-11.433958166,-4.909208674
[N+]1(C)=CN(CC(C(C)CC)CCCC)(C=C1),-11.606206328,-4.893426062
[N+]1(C)=CN(CC(C(C)CC)C(C)CC)(C=C1),-11.507428946000001,-4.879548248000001
[N+]1(C)=CN(CC(C(C)(C)C)CCCC)(C=C1),-11.622805282000002,-4.895602974
[N+]1(C)=CN(CC(C(C)(C)C)CC(C)C)(C=C1),-11.616002432,-4.933971048
[N+]1(C)=CN(CC(C(C)(C)C)C(C)CC)(C=C1),-11.587974690000001,-4.8825415020000005
[N+]1(C)=CN(CC(C(C)(C)C)C(C)(C)C)(C=C1),-11.465523390000001,-4.856146444
[N+]1(C)=CN(CC(C)(C)CCCCCC)(C=C1),-10.861702424,-4.963087246
[N+]1(C)=CN(CC(C)(C)CCCC(C)C)(C=C1),-10.965922086,-4.962270904
[N+]1(C)=CN(CC(C)(C)CCC(C)CC)(C=C1),-11.003473818,-4.961998790000001
[N+]1(C)=CN(CC(C)(C)CCC(C)(C)C)(C=C1),-11.262254232000002,-4.934515276
[N+]1(C)=CN(CC(C)(C)CC(C)CCC)(C=C1),-11.147422124000002,-4.956828624
[N+]1(C)=CN(CC(C)(C)CC(C)C(C)C)(C=C1),-11.066604266,-4.950570002
[N+]1(C)=CN(CC(C)(C)CC(CC)CC)(C=C1),-11.275043590000001,-4.916555752000001
[N+]1(C)=CN(CC(C)(C)CC(C)(C)CC)(C=C1),-11.295724254,-4.920909576000001
[N+]1(C)=CN(CC(C)(C)C(C)CCCC)(C=C1),-11.24919276,-4.9081202180000005
[N+]1(C)=CN(CC(C)(C)C(C)CC(C)C)(C=C1),-11.216266966000001,-4.933154706000001
[N+]1(C)=CN(CC(C)(C)C(C)C(C)CC)(C=C1),-11.229328438,-4.920637462
[N+]1(C)=CN(CC(C)(C)C(C)C(C)(C)C)(C=C1),-11.378991138,-4.926896084
[N+]1(C)=CN(CC(C)(C)C(CC)CCC)(C=C1),-11.336541354,-4.894514518
[N+]1(C)=CN(CC(C)(C)C(CC)C(C)C)(C=C1),-11.420352466,-4.87356174
[N+]1(C)=CN(CC(C)(C)C(C)(C)CCC)(C=C1),-11.429876456,-4.898868342
[N+]1(C)=CN(CC(C)(C)C(C)(C)C(C)C)(C=C1),-11.317765488000001,-4.866214662
[N+]1(C)=CN(CC(C)(C)C(C)(CC)CC)(C=C1),-11.294363684,-4.944855608
[N+]1(C)=CN(CC(C)(CC)CCCCC)(C=C1),-11.239124542,-4.917099980000001
[N+]1(C)=CN(CC(C)(CC)CCC(C)C)(C=C1),-11.373276744,-4.915467296
[N+]1(C)=CN(CC(C)(CC)CC(C)CC)(C=C1),-11.259260978,-4.927168198
[N+]1(C)=CN(CC(C)(CC)CC(C)(C)C)(C=C1),-11.371099832,-4.8991404560000005
[N+]1(C)=CN(CC(C)(CC)C(C)CCC)(C=C1),-11.50089821,-4.910841358
[N+]1(C)=CN(CC(C)(CC)C(C)C(C)C)(C=C1),-11.354500878,-4.901861596
[N+]1(C)=CN(CC(C)(CC)C(CC)CC)(C=C1),-11.453822488,-4.904582736000001
[N+]1(C)=CN(CC(C)(CC)C(C)(C)CC)(C=C1),-11.439944674000001,-4.880636704
[N+]1(C)=CN(CC(C)(CCC)CCCC)(C=C1),-11.567021912000001,-4.903222166
[N+]1(C)=CN(CC(C)(CCC)CC(C)C)(C=C1),-11.654098392,-4.90077314
[N+]1(C)=CN(CC(C)(CCC)C(C)CC)(C=C1),-11.602124618000001,-4.89669143
[N+]1(C)=CN(CC(C)(C(C)C)CCCC)(C=C1),-11.510150086,-4.900501026000001
[N+]1(C)=CN(CC(C)(C(C)C)CC(C)C)(C=C1),-11.502530894,-4.859411812
[N+]1(C)=CN(CC(C)(C(C)C)C(C)CC)(C=C1),-11.443482156000002,-4.910841358
[N+]1(C)=CN(CC(C)(C(C)C)C(C)(C)C)(C=C1),-11.370555604000002,-4.88308573
[N+]1(C)=CN(CC(C)(CCC)C(C)(C)C)(C=C1),-11.553144098,-4.90077314
[N+]1(C)=CN(CC(CC)(CC)CCCC)(C=C1),-11.522123102,-4.89941257
[N+]1(C)=CN(CC(CC)(CC)CC(C)C)(C=C1),-11.710153876,-4.901317368
[N+]1(C)=CN(CC(CC)(CC)C(C)CC)(C=C1),-11.485659826000001,-4.86267718
[N+]1(C)=CN(CC(CC)(CC)C(C)(C)C)(C=C1),-11.481306002000002,-4.872201169999999
[N+]1(C)=CN(CC(CC)(CCC)CCC)(C=C1),-11.684847274000001,-4.868935802
[N+]1(C)=CN(CC(CC)(C(C)C)CCC)(C=C1),-11.634778298,-4.881180932
[N+]1(C)=CN(CC(CC)(C(C)C)C(C)C)(C=C1),-11.421985150000001,-4.879548248000001
[N+]1(C)=CN(C(C)CCCCCCCC)(C=C1),-10.780068224,-4.881180932
[N+]1(C)=CN(C(C)CCCCCC(C)C)(C=C1),-10.828504516,-4.979414086
[N+]1(C)=CN(C(C)CCCCC(C)CC)(C=C1),-10.816803614,-4.964447816
[N+]1(C)=CN(C(C)CCCCC(C)(C)C)(C=C1),-11.267424398000001,-4.918188436
[N+]1(C)=CN(C(C)CCCC(C)CCC)(C=C1),-10.932452064000001,-4.958461308
[N+]1(C)=CN(C(C)CCCC(C)C(C)C)(C=C1),-10.947962562,-4.95111423
[N+]1(C)=CN(C(C)CCCC(CC)CC)(C=C1),-10.983065268,-4.950025774
[N+]1(C)=CN(C(C)CCCC(C)(C)CC)(C=C1),-11.178715234,-4.914923068
[N+]1(C)=CN(C(C)CCC(C)CCCC)(C=C1),-11.185790198,-4.94431138
[N+]1(C)=CN(C(C)CCC(C)CC(C)C)(C=C1),-11.272594564,-4.949481546
[N+]1(C)=CN(C(C)CCC(C)C(C)CC)(C=C1),-11.1294626,-4.927984540000001
[N+]1(C)=CN(C(C)CCC(C)C(C)(C)C)(C=C1),-11.184157514,-4.932610478
[N+]1(C)=CN(C(C)CCC(CC)CCC)(C=C1),-11.118033812,-4.932610478
[N+]1(C)=CN(C(C)CCC(CC)C(C)C)(C=C1),-11.167830674000001,-4.90893656
[N+]1(C)=CN(C(C)CCC(C)(C)CCC)(C=C1),-11.214634282,-4.9323383640000005
[N+]1(C)=CN(C(C)CCC(C)(C)C(C)C)(C=C1),-11.20157281,-4.87356174
[N+]1(C)=CN(C(C)CCC(C)(CC)CC)(C=C1),-11.193137276,-4.855602216
[N+]1(C)=CN(C(C)CC(C)CCCCC)(C=C1),-11.008916098,-4.941590240000001
[N+]1(C)=CN(C(C)CC(C)CCC(C)C)(C=C1),-11.113407874,-4.9388691
[N+]1(C)=CN(C(C)CC(C)CC(C)CC)(C=C1),-11.14170773,-4.927168198
[N+]1(C)=CN(C(C)CC(C)CC(C)(C)C)(C=C1),-11.134088538,-4.940773898000001
[N+]1(C)=CN(C(C)CC(C)C(C)CCC)(C=C1),-11.307153042000001,-4.927440312
[N+]1(C)=CN(C(C)CC(C)C(C)C(C)C)(C=C1),-11.101706972,-4.833016754
[N+]1(C)=CN(C(C)CC(C)C(CC)CC)(C=C1),-11.283207010000002,-4.912201928000001
[N+]1(C)=CN(C(C)CC(C)C(C)(C)CC)(C=C1),-11.281574326000001,-4.922270146
[N+]1(C)=CN(C(C)CC(CC)CCCC)(C=C1),-11.421985150000001,-4.86403775
[N+]1(C)=CN(C(C)CC(CC)CC(C)C)(C=C1),-11.459264768,-4.868935802
[N+]1(C)=CN(C(C)CC(CC)C(C)CC)(C=C1),-11.332459644,-4.8365542360000005
[N+]1(C)=CN(C(C)CC(CC)C(C)(C)C)(C=C1),-11.488925194,-4.83682635
[N+]1(C)=CN(C(C)CC(CCC)CCC)(C=C1),-11.575457446,-4.8531531900000004
[N+]1(C)=CN(C(C)CC(C(C)C)CCC)(C=C1),-11.479401204,-4.884990528
[N+]1(C)=CN(C(C)CC(C(C)C)C(C)C)(C=C1),-11.334636556000001,-4.827030246
[N+]1(C)=CN(C(C)CC(C)(C)CCCC)(C=C1),-11.251641786,-4.866486776
[N+]1(C)=CN(C(C)CC(C)(C)CC(C)C)(C=C1),-11.114224216000002,-4.865670434
[N+]1(C)=CN(C(C)CC(C)(C)C(C)CC)(C=C1),-11.248920646,-4.852064734
[N+]1(C)=CN(C(C)CC(C)(C)C(C)(C)C)(C=C1),-11.276676274,-4.868663688
[N+]1(C)=CN(C(C)CC(C)(CC)CCC)(C=C1),-11.39613432,-4.859683926
[N+]1(C)=CN(C(C)CC(C)(CC)C(C)C)(C=C1),-11.289737746,-4.819683168
[N+]1(C)=CN(C(C)CC(CC)(CC)CC)(C=C1),-11.373820972,-4.82049951
[N+]1(C)=CN(C(C)C(C)CCCCCC)(C=C1),-11.237491858,-4.841996516
[N+]1(C)=CN(C(C)C(C)CCCC(C)C)(C=C1),-11.4015766,-4.837098464
[N+]1(C)=CN(C(C)C(C)CCC(C)CC)(C=C1),-11.52674904,-4.787029488
[N+]1(C)=CN(C(C)C(C)CCC(C)(C)C)(C=C1),-11.687840528,-4.7753285860000005
[N+]1(C)=CN(C(C)C(C)CC(C)CCC)(C=C1),-11.745256582000001,-4.7682536220000005
[N+]1(C)=CN(C(C)C(C)CC(C)C(C)C)(C=C1),-11.600764048,-4.767165166000001
[N+]1(C)=CN(C(C)C(C)CC(CC)CC)(C=C1),-11.564300772000001,-4.827846588
[N+]1(C)=CN(C(C)C(C)CC(C)(C)CC)(C=C1),-11.111503076,-4.911113472
[N+]1(C)=CN(C(C)C(C)C(C)CCCC)(C=C1),-11.57981127,-4.852336848
[N+]1(C)=CN(C(C)C(C)C(C)CC(C)C)(C=C1),-11.69545972,-4.861860838
[N+]1(C)=CN(C(C)C(C)C(C)C(C)CC)(C=C1),-11.27232245,-4.903222166
[N+]1(C)=CN(C(C)C(C)C(C)C(C)(C)C)(C=C1),-11.309329954,-4.840091718
[N+]1(C)=CN(C(C)C(C)C(CC)CCC)(C=C1),-11.460897452000001,-4.777505498
[N+]1(C)=CN(C(C)C(C)C(CC)C(C)C)(C=C1),-11.436951420000002,-4.779410296
[N+]1(C)=CN(C(C)C(C)C(C)(C)CCC)(C=C1),-11.513415454,-4.881453046
[N+]1(C)=CN(C(C)C(C)C(C)(C)C(C)C)(C=C1),-11.247015848,-4.8327446400000005
[N+]1(C)=CN(C(C)C(C)C(C)(CC)CC)(C=C1),-11.430964912,-4.867031004
[N+]1(C)=CN(C(C)C(CC)CCCCC)(C=C1),-11.556681580000001,-4.831928298
[N+]1(C)=CN(C(C)C(CC)CCC(C)C)(C=C1),-11.73083454,-4.7644440260000005
[N+]1(C)=CN(C(C)C(CC)CC(C)CC)(C=C1),-11.533824004000001,-4.7791381820000005
[N+]1(C)=CN(C(C)C(CC)CC(C)(C)C)(C=C1),-11.598315022000001,-4.794376566
[N+]1(C)=CN(C(C)C(CC)C(C)CCC)(C=C1),-11.745528696000001,-4.852064734
[N+]1(C)=CN(C(C)C(CC)C(C)C(C)C)(C=C1),-11.405930424,-4.820227396
[N+]1(C)=CN(C(C)C(CC)C(CC)CC)(C=C1),-11.481033888,-4.86811946
[N+]1(C)=CN(C(C)C(CC)C(C)(C)CC)(C=C1),-11.516408708,-4.810159178
[N+]1(C)=CN(C(C)C(CCC)CCCC)(C=C1),-11.727841286,-4.810431292
[N+]1(C)=CN(C(C)C(CCC)CC(C)C)(C=C1),-11.548246046000001,-4.876010766
[N+]1(C)=CN(C(C)C(CCC)C(C)CC)(C=C1),-11.6056621,-4.822132194000001
[N+]1(C)=CN(C(C)C(C(C)C)CCCC)(C=C1),-11.722126892,-4.832200412
[N+]1(C)=CN(C(C)C(C(C)C)CC(C)C)(C=C1),-11.478040634000001,-4.872473284
[N+]1(C)=CN(C(C)C(C(C)C)C(C)CC)(C=C1),-11.572464192,-4.810703406
[N+]1(C)=CN(C(C)C(C(C)C)C(C)(C)C)(C=C1),-11.594777539999999,-4.817234142
[N+]1(C)=CN(C(C)C(CCC)C(C)(C)C)(C=C1),-11.661717584,-4.838731148
[N+]1(C)=CN(C(C)C(C)(C)CCCCC)(C=C1),-11.34171152,-4.8180504840000005
[N+]1(C)=CN(C(C)C(C)(C)CCC(C)C)(C=C1),-11.522939444,-4.815873572
[N+]1(C)=CN(C(C)C(C)(C)CC(C)CC)(C=C1),-11.494095360000001,-4.798458276
[N+]1(C)=CN(C(C)C(C)(C)CC(C)(C)C)(C=C1),-11.428515886,-4.813968774
[N+]1(C)=CN(C(C)C(C)(C)C(C)CCC)(C=C1),-11.361847956000002,-4.854513760000001
[N+]1(C)=CN(C(C)C(C)(C)C(C)C(C)C)(C=C1),-11.457087856000001,-4.77968241
[N+]1(C)=CN(C(C)C(C)(C)C(CC)CC)(C=C1),-11.539266284,-4.771246876
[N+]1(C)=CN(C(C)C(C)(C)C(C)(C)CC)(C=C1),-11.51314334,-4.793288110000001
[N+]1(C)=CN(C(C)C(C)(CC)CCCC)(C=C1),-11.674779056,-4.775872814
[N+]1(C)=CN(C(C)C(C)(CC)CC(C)C)(C=C1),-11.658180102,-4.780226638
[N+]1(C)=CN(C(C)C(C)(CC)C(C)CC)(C=C1),-11.591240058,-4.804716898000001
[N+]1(C)=CN(C(C)C(C)(CC)C(C)(C)C)(C=C1),-11.64375806,-4.79736982
[N+]1(C)=CN(C(C)C(C)(CCC)CCC)(C=C1),-11.71178656,-4.769342078
[N+]1(C)=CN(C(C)C(C)(C(C)C)CCC)(C=C1),-11.663078154,-4.773151674
[N+]1(C)=CN(C(C)C(C)(C(C)C)C(C)C)(C=C1),-11.52674904,-4.8147851159999995
[N+]1(C)=CN(C(C)C(CC)(CC)CCC)(C=C1),-11.747705608,-4.769069964
[N+]1(C)=CN(C(C)C(CC)(CC)C(C)C)(C=C1),-11.653009936,-4.8019957579999994
[N+]1(C)=CN(C(CC)CCCCCCC)(C=C1),-10.843198672,-5.001999548000001
[N+]1(C)=CN(C(CC)CCCCC(C)C)(C=C1),-11.086196474000001,-4.9451277220000005
[N+]1(C)=CN(C(CC)CCCC(C)CC)(C=C1),-11.128102029999999,-4.942406582
[N+]1(C)=CN(C(CC)CCCC(C)(C)C)(C=C1),-11.564845,-4.902405824
[N+]1(C)=CN(C(CC)CCC(C)CCC)(C=C1),-11.28864929,-4.925807628
[N+]1(C)=CN(C(CC)CCC(C)C(C)C)(C=C1),-11.259533092,-4.923086488
[N+]1(C)=CN(C(CC)CCC(CC)CC)(C=C1),-11.344704774,-4.902405824
[N+]1(C)=CN(C(CC)CCC(C)(C)CC)(C=C1),-11.369467148000002,-4.893698176
[N+]1(C)=CN(C(CC)CC(C)CCCC)(C=C1),-11.47640795,-4.900501026000001
[N+]1(C)=CN(C(CC)CC(C)CC(C)C)(C=C1),-11.527021154,-4.888800123999999
[N+]1(C)=CN(C(CC)CC(C)C(C)CC)(C=C1),-11.618179344000001,-4.8621329520000005
[N+]1(C)=CN(C(CC)CC(C)C(C)(C)C)(C=C1),-11.614641862000001,-4.862405066
[N+]1(C)=CN(C(CC)CC(CC)CCC)(C=C1),-11.58933526,-4.893698176
[N+]1(C)=CN(C(CC)CC(CC)C(C)C)(C=C1),-11.490285764000001,-4.852336848
[N+]1(C)=CN(C(CC)CC(C)(C)CCC)(C=C1),-11.533824004000001,-4.811519748
[N+]1(C)=CN(C(CC)CC(C)(C)C(C)C)(C=C1),-11.369467148000002,-4.807165924
[N+]1(C)=CN(C(CC)CC(C)(CC)CC)(C=C1),-11.379263252000001,-4.812608204
[N+]1(C)=CN(C(CC)C(C)CCCCC)(C=C1),-11.601036162,-4.827574474
[N+]1(C)=CN(C(CC)C(C)CCC(C)C)(C=C1),-11.762127650000002,-4.754647922
[N+]1(C)=CN(C(CC)C(C)CC(C)CC)(C=C1),-11.665255066,-4.8019957579999994
[N+]1(C)=CN(C(CC)C(C)CC(C)(C)C)(C=C1),-11.481850230000001,-4.791111198
[N+]1(C)=CN(C(CC)C(C)C(C)CCC)(C=C1),-11.674506942,-4.838186920000001
[N+]1(C)=CN(C(CC)C(C)C(C)C(C)C)(C=C1),-11.510150086,-4.884718414
[N+]1(C)=CN(C(CC)C(C)C(CC)CC)(C=C1),-11.52538847,-4.806621696
[N+]1(C)=CN(C(CC)C(C)C(C)(C)CC)(C=C1),-11.582532409999999,-4.876827108
[N+]1(C)=CN(C(CC)C(CC)CCCC)(C=C1),-11.765937246,-4.783764120000001
[N+]1(C)=CN(C(CC)C(CC)CC(C)C)(C=C1),-11.564572886,-4.8844463
[N+]1(C)=CN(C(CC)C(CC)C(C)CC)(C=C1),-11.646207086,-4.86948003
[N+]1(C)=CN(C(CC)C(CC)C(C)(C)C)(C=C1),-11.666615636000001,-4.842812858
[N+]1(C)=CN(C(CC)C(CCC)CCC)(C=C1),-11.737093162,-4.884174186
[N+]1(C)=CN(C(CC)C(C(C)C)CCC)(C=C1),-11.620084142000001,-4.880092476000001
[N+]1(C)=CN(C(CC)C(C(C)C)C(C)C)(C=C1),-11.67505117,-4.810703406
[N+]1(C)=CN(C(CC)C(C)(C)CCCC)(C=C1),-11.63695521,-4.796553478000001
[N+]1(C)=CN(C(CC)C(C)(C)CC(C)C)(C=C1),-11.62334951,-4.8327446400000005
[N+]1(C)=CN(C(CC)C(C)(C)C(C)CC)(C=C1),-11.551511414,-4.764171912000001
[N+]1(C)=CN(C(CC)C(C)(C)C(C)(C)C)(C=C1),-11.639132122000001,-4.805533240000001
[N+]1(C)=CN(C(CC)C(C)(CC)CCC)(C=C1),-11.741719100000001,-4.795192908
[N+]1(C)=CN(C(CC)C(C)(CC)C(C)C)(C=C1),-11.700902000000001,-4.79873039
[N+]1(C)=CN(C(CC)C(CC)(CC)CC)(C=C1),-11.665799294,-4.74430759
[N+]1(C)=CN(C(CCC)CCCCCC)(C=C1),-11.25327447,-4.890977036000001
[N+]1(C)=CN(C(CCC)CCCC(C)C)(C=C1),-11.420080352000001,-4.890704922
[N+]1(C)=CN(C(CCC)CCC(C)CC)(C=C1),-11.549334501999999,-4.834921552
[N+]1(C)=CN(C(CCC)CCC(C)(C)C)(C=C1),-11.760494966000001,-4.848255138
[N+]1(C)=CN(C(CCC)CC(C)CCC)(C=C1),-11.713147130000001,-4.850704164000001
[N+]1(C)=CN(C(CCC)CC(C)C(C)C)(C=C1),-11.675595398,-4.840363832
[N+]1(C)=CN(C(CCC)CC(CC)CC)(C=C1),-11.683486704000002,-4.852336848
[N+]1(C)=CN(C(CCC)CC(C)(C)CC)(C=C1),-11.731378768,-4.820227396
[N+]1(C)=CN(C(CCC)C(C)CCCC)(C=C1),-11.565661342,-4.893426062
[N+]1(C)=CN(C(CCC)C(C)CC(C)C)(C=C1),-11.826618668,-4.811519748
[N+]1(C)=CN(C(CCC)C(C)C(C)CC)(C=C1),-11.642669604000002,-4.79873039
[N+]1(C)=CN(C(CCC)C(C)C(C)(C)C)(C=C1),-11.757773826,-4.805805354
[N+]1(C)=CN(C(CCC)C(CC)CCC)(C=C1),-11.684575160000001,-4.871112714000001
[N+]1(C)=CN(C(CCC)C(CC)C(C)C)(C=C1),-11.799679382,-4.86539832
[N+]1(C)=CN(C(CCC)C(C)(C)CCC)(C=C1),-11.749338292000001,-4.76471614
[N+]1(C)=CN(C(CCC)C(C)(C)C(C)C)(C=C1),-11.737365276,-4.76607671
[N+]1(C)=CN(C(CCC)C(C)(CC)CC)(C=C1),-11.768386271999999,-4.7853968039999994
[N+]1(C)=CN(C(CCCC)CCCCC)(C=C1),-11.580083384,-4.877099222
[N+]1(C)=CN(C(CCCC)CCC(C)C)(C=C1),-11.796958242,-4.844445542
[N+]1(C)=CN(C(CCCC)CC(C)CC)(C=C1),-11.795053444,-4.853969532000001
[N+]1(C)=CN(C(CCCC)C(C)CCC)(C=C1),-11.807842802,-4.817778370000001
[N+]1(C)=CN(C(CC(C)C)CCCCC)(C=C1),-11.738453732,-4.860772382
[N+]1(C)=CN(C(CC(C)C)CCC(C)C)(C=C1),-11.821176388,-4.830839842
[N+]1(C)=CN(C(CC(C)C)CC(C)CC)(C=C1),-11.816278336000002,-4.850976278
[N+]1(C)=CN(C(CC(C)C)CC(C)(C)C)(C=C1),-11.821720616,-4.824036992
[N+]1(C)=CN(C(CC(C)C)C(C)CCC)(C=C1),-11.80838703,-4.805533240000001
[N+]1(C)=CN(C(CC(C)C)C(C)C(C)C)(C=C1),-11.820087932,-4.866214662
[N+]1(C)=CN(C(CC(C)C)C(CC)CC)(C=C1),-11.788522708,-4.789750628
[N+]1(C)=CN(C(CC(C)C)C(C)(C)CC)(C=C1),-11.805938004000001,-4.793832338
[N+]1(C)=CN(C(CCCC)CC(C)(C)C)(C=C1),-11.7961419,-4.82186008
[N+]1(C)=CN(C(C(C)CC)CC(C)(C)C)(C=C1),-11.767842044,-4.741858564
[N+]1(C)=CN(C(C(C)C)CCCCCC)(C=C1),-11.408651564000001,-4.894242404
[N+]1(C)=CN(C(C(C)C)CCCC(C)C)(C=C1),-11.641853262,-4.881997274
[N+]1(C)=CN(C(C(C)C)CCC(C)CC)(C=C1),-11.656819532,-4.885262642
[N+]1(C)=CN(C(C(C)C)CCC(C)(C)C)(C=C1),-11.696820290000002,-4.898868342
[N+]1(C)=CN(C(C(C)C)CC(C)CCC)(C=C1),-11.781719858,-4.7848525760000005
[N+]1(C)=CN(C(C(C)C)CC(C)C(C)C)(C=C1),-11.685119388,-4.775056472
[N+]1(C)=CN(C(C(C)C)CC(CC)CC)(C=C1),-11.705527938000001,-4.7867573740000005
[N+]1(C)=CN(C(C(C)C)CC(C)(C)CC)(C=C1),-11.567294026,-4.774784358
[N+]1(C)=CN(C(C(C)C)C(C)CCCC)(C=C1),-11.743896012,-4.820227396
[N+]1(C)=CN(C(C(C)C)C(C)CC(C)C)(C=C1),-11.790155392,-4.765260368
[N+]1(C)=CN(C(C(C)C)C(C)C(C)CC)(C=C1),-11.717500954,-4.8164178
[N+]1(C)=CN(C(C(C)C)C(C)C(C)(C)C)(C=C1),-11.804577434,-4.804444784
[N+]1(C)=CN(C(C(C)C)C(CC)CCC)(C=C1),-11.783624656,-4.787301602
[N+]1(C)=CN(C(C(C)C)C(CC)C(C)C)(C=C1),-11.625254308,-4.797641934
[N+]1(C)=CN(C(C(C)C)C(C)(C)CCC)(C=C1),-11.759678624,-4.770702648
[N+]1(C)=CN(C(C(C)C)C(C)(C)C(C)C)(C=C1),-11.705800052,-4.747572958
[N+]1(C)=CN(C(C(C)C)C(C)(CC)CC)(C=C1),-11.654098392,-4.757369062
[N+]1(C)=CN(C(C(C)CC)CCCCC)(C=C1),-11.716140384000001,-4.778593954
[N+]1(C)=CN(C(C(C)CC)CCC(C)C)(C=C1),-11.818999476,-4.786213146
[N+]1(C)=CN(C(C(C)CC)CC(C)CC)(C=C1),-11.783352542000001,-4.740770108
[N+]1(C)=CN(C(C(C)CC)C(C)CCC)(C=C1),-11.804849548,-4.812880318
[N+]1(C)=CN(C(C(C)CC)C(C)C(C)C)(C=C1),-11.7961419,-4.808798608
[N+]1(C)=CN(C(C(C)CC)C(CC)CC)(C=C1),-11.782536200000001,-4.792199654
[N+]1(C)=CN(C(C(C)CC)C(C)(C)CC)(C=C1),-11.739270074,-4.747300844000001
[N+]1(C)=CN(C(CCCC)C(C)C(C)C)(C=C1),-11.804033206000001,-4.8749223100000005
[N+]1(C)=CN(C(C(CC)CC)CCCC)(C=C1),-11.781447744000001,-4.762267114
[N+]1(C)=CN(C(C(C)(C)C)CCCCC)(C=C1),-11.725392260000001,-4.822404308
[N+]1(C)=CN(C(C(C)(C)C)CCC(C)C)(C=C1),-11.799951496000002,-4.825941790000001
[N+]1(C)=CN(C(C(C)(C)C)CC(C)CC)(C=C1),-11.778998718,-4.801179416000001
[N+]1(C)=CN(C(C(C)(C)C)CC(C)(C)C)(C=C1),-11.800767838,-4.780226638
[N+]1(C)=CN(C(C(C)(C)C)C(C)CCC)(C=C1),-11.784440998000001,-4.747572958
[N+]1(C)=CN(C(C(C)(C)C)C(C)C(C)C)(C=C1),-11.762671878,-4.833288868
[N+]1(C)=CN(C(C(C)(C)C)C(CC)CC)(C=C1),-11.774100666,-4.817234142
[N+]1(C)=CN(C(C(C)(C)C)C(C)(C)CC)(C=C1),-11.70770485,-4.744035476
[N+]1(C)=CN(C(CCCC)C(C)(C)CC)(C=C1),-11.78933905,-4.790294856
[N+]1(C)=CN(C(C)(C)CCCCCCC)(C=C1),-10.996126740000001,-4.868663688
[N+]1(C)=CN(C(C)(C)CCCCC(C)C)(C=C1),-10.952316386000001,-4.7957371360000005
[N+]1(C)=CN(C(C)(C)CCCC(C)CC)(C=C1),-10.987691206,-4.7919275400000005
[N+]1(C)=CN(C(C)(C)CCCC(C)(C)C)(C=C1),-11.356133562,-4.859411812
[N+]1(C)=CN(C(C)(C)CCC(C)CCC)(C=C1),-11.294363684,-4.810159178
[N+]1(C)=CN(C(C)(C)CCC(C)C(C)C)(C=C1),-11.123748206,-4.773695902
[N+]1(C)=CN(C(C)(C)CCC(CC)CC)(C=C1),-11.180347918,-4.7829477780000005
[N+]1(C)=CN(C(C)(C)CCC(C)(C)CC)(C=C1),-11.188511338,-4.77287956
[N+]1(C)=CN(C(C)(C)CC(C)CCCC)(C=C1),-11.306608814,-4.7663488240000005
[N+]1(C)=CN(C(C)(C)CC(C)CC(C)C)(C=C1),-11.374093086,-4.743491248000001
[N+]1(C)=CN(C(C)(C)CC(C)C(C)CC)(C=C1),-11.357222018000002,-4.739409538
[N+]1(C)=CN(C(C)(C)CC(C)C(C)(C)C)(C=C1),-11.395317978,-4.757369062
[N+]1(C)=CN(C(C)(C)CC(CC)CCC)(C=C1),-11.350419168,-4.7483892999999995
[N+]1(C)=CN(C(C)(C)CC(CC)C(C)C)(C=C1),-11.36348064,-4.741314336
[N+]1(C)=CN(C(C)(C)CC(C)(C)CCC)(C=C1),-11.611376494,-4.787301602
[N+]1(C)=CN(C(C)(C)CC(C)(C)C(C)C)(C=C1),-11.396950662,-4.759545974000001
[N+]1(C)=CN(C(C)(C)CC(C)(CC)CC)(C=C1),-11.439944674000001,-4.739953766
[N+]1(C)=CN(C(C)(C)C(C)CCCCC)(C=C1),-11.469060872000002,-4.810703406
[N+]1(C)=CN(C(C)(C)C(C)CCC(C)C)(C=C1),-11.477496406,-4.811519748
[N+]1(C)=CN(C(C)(C)C(C)CC(C)CC)(C=C1),-11.342799976,-4.820771624000001
[N+]1(C)=CN(C(C)(C)C(C)CC(C)(C)C)(C=C1),-11.559946948,-4.8180504840000005
[N+]1(C)=CN(C(C)(C)C(C)C(C)CCC)(C=C1),-11.607839012000001,-4.780498752000001
[N+]1(C)=CN(C(C)(C)C(C)C(C)C(C)C)(C=C1),-11.382256506000001,-4.794376566
[N+]1(C)=CN(C(C)(C)C(C)C(CC)CC)(C=C1),-11.441849472000001,-4.728524978
[N+]1(C)=CN(C(C)(C)C(C)C(C)(C)CC)(C=C1),-11.579539156,-4.7279807499999995
[N+]1(C)=CN(C(C)(C)C(CC)CCCC)(C=C1),-11.582260296000001,-4.811247634
[N+]1(C)=CN(C(C)(C)C(CC)CC(C)C)(C=C1),-11.702534684,-4.811519748
[N+]1(C)=CN(C(C)(C)C(CC)C(C)CC)(C=C1),-11.565661342,-4.773695902
[N+]1(C)=CN(C(C)(C)C(CC)C(C)(C)C)(C=C1),-11.667159864,-4.753287352
[N+]1(C)=CN(C(C)(C)C(CCC)CCC)(C=C1),-11.689201098,-4.736416284
[N+]1(C)=CN(C(C)(C)C(C(C)C)CCC)(C=C1),-11.696820290000002,-4.7701584200000005
[N+]1(C)=CN(C(C)(C)C(C(C)C)C(C)C)(C=C1),-11.594505426000001,-4.752198896
[N+]1(C)=CN(C(C)(C)C(C)(C)CCCC)(C=C1),-11.618995686,-4.737232626
[N+]1(C)=CN(C(C)(C)C(C)(C)CC(C)C)(C=C1),-11.592328514,-4.697231868
[N+]1(C)=CN(C(C)(C)C(C)(C)C(C)CC)(C=C1),-11.646207086,-4.707300086
[N+]1(C)=CN(C(C)(C)C(C)(C)C(C)(C)C)(C=C1),-11.672874258,-4.71437505
[N+]1(C)=CN(C(C)(C)C(C)(CC)CCC)(C=C1),-11.716412498,-4.71573562
[N+]1(C)=CN(C(C)(C)C(C)(CC)C(C)C)(C=C1),-11.635322526000001,-4.677095432000001
[N+]1(C)=CN(C(C)(C)C(CC)(CC)CC)(C=C1),-11.733827794,-4.695871298
[N+]1(C)=CN(C(C)(CC)CCCCCC)(C=C1),-11.25735618,-4.8583233560000005
[N+]1(C)=CN(C(C)(CC)CCCC(C)C)(C=C1),-11.414093844,-4.856146444
[N+]1(C)=CN(C(C)(CC)CCC(C)CC)(C=C1),-11.535728802,-4.804172670000001
[N+]1(C)=CN(C(C)(CC)CCC(C)(C)C)(C=C1),-11.733011452000001,-4.730974004
[N+]1(C)=CN(C(C)(CC)CC(C)CCC)(C=C1),-11.533824004000001,-4.77832184
[N+]1(C)=CN(C(C)(CC)CC(C)C(C)C)(C=C1),-11.486748282,-4.773423788
[N+]1(C)=CN(C(C)(CC)CC(CC)CC)(C=C1),-11.63423407,-4.771518990000001
[N+]1(C)=CN(C(C)(CC)CC(C)(C)CC)(C=C1),-11.562395974000001,-4.80689381
[N+]1(C)=CN(C(C)(CC)C(C)CCCC)(C=C1),-11.72947397,-4.756008492
[N+]1(C)=CN(C(C)(CC)C(C)CC(C)C)(C=C1),-11.598042908,-4.807982266000001
[N+]1(C)=CN(C(C)(CC)C(C)C(C)CC)(C=C1),-11.645934972000001,-4.7810429800000005
[N+]1(C)=CN(C(C)(CC)C(C)C(C)(C)C)(C=C1),-11.67641174,-4.79056697
[N+]1(C)=CN(C(C)(CC)C(CC)CCC)(C=C1),-11.714779814,-4.810703406
[N+]1(C)=CN(C(C)(CC)C(CC)C(C)C)(C=C1),-11.608655354,-4.7421306780000005
[N+]1(C)=CN(C(C)(CC)C(C)(C)CCC)(C=C1),-11.698725088000002,-4.716824076
[N+]1(C)=CN(C(C)(CC)C(C)(C)C(C)C)(C=C1),-11.637499438,-4.66947624
[N+]1(C)=CN(C(C)(CC)C(C)(CC)CC)(C=C1),-11.724303804000002,-4.697503982000001
[N+]1(C)=CN(C(C)(CCC)CCCCC)(C=C1),-11.580083384,-4.834377324000001
[N+]1(C)=CN(C(C)(CCC)CCC(C)C)(C=C1),-11.653826278,-4.78784583
[N+]1(C)=CN(C(C)(CCC)CC(C)CC)(C=C1),-11.740902758,-4.750021984
[N+]1(C)=CN(C(C)(CCC)CC(C)(C)C)(C=C1),-11.791515962,-4.721722128000001
[N+]1(C)=CN(C(C)(CCC)C(C)CCC)(C=C1),-11.681309792,-4.801179416000001
[N+]1(C)=CN(C(C)(CCC)C(C)C(C)C)(C=C1),-11.710970218,-4.776417042
[N+]1(C)=CN(C(C)(CCC)C(CC)CC)(C=C1),-11.694643378,-4.783764120000001
[N+]1(C)=CN(C(C)(CCC)C(C)(C)CC)(C=C1),-11.694371263999999,-4.69260593
[N+]1(C)=CN(C(C)(CCCC)CCCC)(C=C1),-11.728385514000001,-4.7810429800000005
[N+]1(C)=CN(C(C)(CC(C)C)CCCC)(C=C1),-11.701174114,-4.784580462
[N+]1(C)=CN(C(C)(CC(C)C)CC(C)C)(C=C1),-11.70362314,-4.773151674
[N+]1(C)=CN(C(C)(CC(C)C)C(C)CC)(C=C1),-11.660357014,-4.74430759
[N+]1(C)=CN(C(C)(C(C)C)CCCCC)(C=C1),-11.623621624,-4.754103694
[N+]1(C)=CN(C(C)(C(C)C)CCC(C)C)(C=C1),-11.738725846000001,-4.698864552
[N+]1(C)=CN(C(C)(C(C)C)CC(C)CC)(C=C1),-11.710970218,-4.636550446
[N+]1(C)=CN(C(C)(C(C)C)CC(C)(C)C)(C=C1),-11.709881762,-4.668115670000001
[N+]1(C)=CN(C(C)(C(C)C)C(C)CCC)(C=C1),-11.65464262,-4.6610407060000005
[N+]1(C)=CN(C(C)(C(C)C)C(C)C(C)C)(C=C1),-11.701446228,-4.69124536
[N+]1(C)=CN(C(C)(C(C)C)C(CC)CC)(C=C1),-11.727297058000001,-4.686619422
[N+]1(C)=CN(C(C)(C(C)C)C(C)(C)CC)(C=C1),-11.677500196,-4.709476998
[N+]1(C)=CN(C(C)(C(C)CC)CCCC)(C=C1),-11.765665132,-4.6939665
[N+]1(C)=CN(C(C)(C(C)CC)C(C)CC)(C=C1),-11.707432736000001,-4.7312461180000005
[N+]1(C)=CN(C(C)(C(C)(C)C)CCCC)(C=C1),-11.731650882,-4.73342303
[N+]1(C)=CN(C(C)(C(C)(C)C)CC(C)C)(C=C1),-11.668792548,-4.6833540540000005
[N+]1(C)=CN(C(C)(C(C)(C)C)C(C)CC)(C=C1),-11.650833024,-4.650700374
[N+]1(C)=CN(C(C)(C(C)(C)C)C(C)(C)C)(C=C1),-11.678588652,-4.689340562000001
[N+]1(C)=CN(C(CC)(CC)CCCCC)(C=C1),-11.56348443,-4.782131436
[N+]1(C)=CN(C(CC)(CC)CCC(C)C)(C=C1),-11.743896012,-4.719000988
[N+]1(C)=CN(C(CC)(CC)CC(C)CC)(C=C1),-11.70226257,-4.720633672
[N+]1(C)=CN(C(CC)(CC)CC(C)(C)C)(C=C1),-11.714235586000001,-4.697231868
[N+]1(C)=CN(C(CC)(CC)C(C)CCC)(C=C1),-11.730290312000001,-4.70076935
[N+]1(C)=CN(C(CC)(CC)C(C)C(C)C)(C=C1),-11.67641174,-4.7331509160000005
[N+]1(C)=CN(C(CC)(CC)C(CC)CC)(C=C1),-11.661989698000001,-4.6803608
[N+]1(C)=CN(C(CC)(CC)C(C)(C)CC)(C=C1),-11.693827036,-4.64362541
[N+]1(C)=CN(C(CC)(CCC)CCCC)(C=C1),-11.81518988,-4.7089327700000005
[N+]1(C)=CN(C(CC)(CCC)CC(C)C)(C=C1),-11.765937246,-4.711926024
[N+]1(C)=CN(C(CC)(CCC)C(C)CC)(C=C1),-11.683758818,-4.738321082000001
[N+]1(C)=CN(C(CC)(C(C)C)CCCC)(C=C1),-11.721310550000002,-4.680632914
[N+]1(C)=CN(C(CC)(C(C)C)CC(C)C)(C=C1),-11.739270074,-4.687707878
[N+]1(C)=CN(C(CC)(C(C)C)C(C)CC)(C=C1),-11.715324042,-4.6531494
[N+]1(C)=CN(C(CC)(C(C)C)C(C)(C)C)(C=C1),-11.629336018000002,-4.6939665
[N+]1(C)=CN(C(CC)(CCC)C(C)(C)C)(C=C1),-11.705527938000001,-4.656414768
[N+]1(C)=CN(C(CCC)(CCC)CCC)(C=C1),-11.706616394,-4.723082698000001
[N+]1(C)=CN(C(C(C)C)(CCC)CCC)(C=C1),-11.710425990000001,-4.68172137
[N+]1(C)=CN(C(C(C)C)(C(C)C)CCC)(C=C1),-11.659812786,-4.67219738
[N+]1(C)=CN(C(C(C)C)(C(C)C)C(C)C)(C=C1),-11.647023428,-4.718184646
